case_id,gmat_start,gmat_duration_s,d_start_s,d_stop_s,d_duration_s,criterion
h500_i0_raan0_el10,2026-01-01 00:53:23.377,458.457589,0.000607,-0.000096,-0.000292,E2
h500_i0_raan0_el10,2026-01-01 02:34:20.827,461.050965,0.000530,0.000206,-0.000289,E2
h500_i0_raan0_el10,2026-01-01 04:15:18.244,464.290046,0.000149,-0.000090,-0.000286,E2
h500_i0_raan0_el10,2026-01-01 05:56:15.964,467.570939,0.000648,0.000304,-0.000283,E2
h500_i0_raan0_el10,2026-01-01 07:37:14.266,470.290438,0.000197,0.000368,-0.000267,E2
h500_i0_raan0_el10,2026-01-01 09:18:13.316,471.954530,0.000460,-0.000296,-0.000286,E2
h500_i0_raan0_el10,2026-01-01 10:59:13.146,472.263019,-0.000199,-0.000473,-0.000293,E2
h500_i0_raan0_el10,2026-01-01 12:40:13.644,471.159579,0.000372,-0.000365,-0.000316,E2
h500_i0_raan0_el10,2026-01-01 14:21:14.582,468.841821,0.000144,-0.000357,-0.000322,E2
h500_i0_raan0_el10,2026-01-01 16:02:15.648,465.729698,0.000601,-0.000039,-0.000338,E2
h500_i0_raan0_el10,2026-01-01 17:43:16.506,462.394546,0.000381,-0.000414,-0.000341,E2
h500_i0_raan0_el10,2026-01-01 19:24:16.852,459.456976,-0.000089,-0.000449,-0.000336,E2
h500_i0_raan0_el10,2026-01-01 21:05:16.473,457.469609,0.000059,0.000352,-0.000316,E2
h500_i0_raan0_el10,2026-01-01 22:46:15.292,456.807922,0.000336,-0.000035,-0.000293,E2
h500_i0_raan0_el10,2026-01-02 00:27:13.385,457.594583,-0.000294,0.000000,-0.000289,E2
h500_i0_raan0_el10,2026-01-02 02:08:10.964,459.676197,0.000064,0.000024,-0.000237,E2
h500_i0_raan0_el10,2026-01-02 03:49:08.341,462.657285,-0.000352,-0.000330,-0.000262,E2
h500_i0_raan0_el10,2026-01-02 05:30:05.860,465.980881,-0.000297,0.000341,-0.000242,E2
h500_i0_raan0_el10,2026-01-02 07:11:03.836,469.035199,-0.000215,-0.000282,-0.000266,E2
h500_i0_raan0_el10,2026-01-02 08:52:02.496,471.264209,0.000077,0.000013,-0.000273,E2
h500_i0_raan0_el10,2026-01-02 10:33:01.942,472.263921,0.000152,-0.000225,-0.000298,E2
h500_i0_raan0_el10,2026-01-02 12:14:02.134,471.851466,0.000119,0.000257,-0.000328,E2
h500_i0_raan0_el10,2026-01-02 13:55:02.898,470.098076,0.000263,-0.000017,-0.000356,E2
h500_i0_raan0_el10,2026-01-02 15:36:03.956,467.320263,0.000369,0.000232,-0.000401,E2
h500_i0_raan0_el10,2026-01-02 17:17:04.973,464.027588,0.000155,-0.000638,-0.000380,E2
h500_i0_raan0_el10,2026-01-02 18:58:05.616,460.832026,0.000249,-0.000092,-0.000367,E2
h500_i0_raan0_el10,2026-01-02 20:39:05.618,458.332842,0.000698,0.000203,-0.000337,E2
h500_i0_raan0_el10,2026-01-02 22:20:04.832,456.999465,0.000343,-0.000489,-0.000297,E2
h500_i0_raan0_el10,2026-01-03 00:01:03.259,457.078700,-0.000026,-0.000580,-0.000254,E2
h500_i0_raan0_el10,2026-01-03 01:42:01.051,458.548211,-0.000287,-0.000304,-0.000228,E2
h500_i0_raan0_el10,2026-01-03 03:22:58.479,461.125711,0.000015,-0.000487,-0.000213,E2
h500_i0_raan0_el10,2026-01-03 05:03:55.880,464.328348,0.000246,0.000380,-0.000214,E2
h500_i0_raan0_el10,2026-01-03 06:44:53.591,467.565881,0.000155,-0.000209,-0.000244,E2
h500_i0_raan0_el10,2026-01-03 08:25:51.888,470.247807,-0.000186,0.000362,-0.000259,E2
h500_i0_raan0_el10,2026-01-03 10:06:50.938,471.886508,0.000258,-0.000529,-0.000295,E2
h500_i0_raan0_el10,2026-01-03 11:47:50.775,472.181941,-0.000199,-0.000591,-0.000333,E2
h500_i0_raan0_el10,2026-01-03 13:28:51.289,471.075974,-0.000274,0.000330,-0.000370,E2
h500_i0_raan0_el10,2026-01-03 15:09:52.248,468.766799,-0.000125,0.000258,-0.000416,E2
h500_i0_raan0_el10,2026-01-03 16:50:53.335,465.677898,0.000682,0.000179,-0.000401,E2
h500_i0_raan0_el10,2026-01-03 18:31:54.207,462.383057,0.000215,-0.000094,-0.000366,E2
h500_i0_raan0_el10,2026-01-03 20:12:54.554,459.498701,-0.000145,0.000213,-0.000343,E2
h500_i0_raan0_el10,2026-01-03 21:53:54.164,457.564389,-0.000144,-0.000036,-0.000281,E2
h500_i0_raan0_el10,2026-01-03 23:34:52.965,456.937674,0.000551,-0.000030,-0.000255,E2
h500_i0_raan0_el10,2026-01-04 01:15:51.041,457.727056,0.000456,0.000291,-0.000220,E2
h500_i0_raan0_el10,2026-01-04 02:56:48.611,459.776387,-0.000334,-0.000150,-0.000204,E2
h500_i0_raan0_el10,2026-01-04 04:37:45.984,462.700335,0.000051,0.000180,-0.000206,E2
h500_i0_raan0_el10,2026-01-04 06:18:43.504,465.959431,0.000114,0.000322,-0.000223,E2
h500_i0_raan0_el10,2026-01-04 07:59:41.482,468.958249,0.000436,-0.000563,-0.000248,E2
h500_i0_raan0_el10,2026-01-04 09:40:40.145,471.150146,0.000521,-0.000633,-0.000300,E2
h500_i0_raan0_el10,2026-01-04 11:21:39.596,472.133336,0.000426,-0.000568,-0.000330,E2
h500_i0_raan0_el10,2026-01-04 13:02:39.797,471.723970,-0.000200,-0.000603,-0.000374,E2
h500_i0_raan0_el10,2026-01-04 14:43:40.572,469.993157,-0.000131,-0.000363,-0.000390,E2
h500_i0_raan0_el10,2026-01-04 16:24:41.639,467.258543,0.000155,0.000291,-0.000406,E2
h500_i0_raan0_el10,2026-01-04 18:05:42.658,464.028312,0.000119,0.000043,-0.000388,E2
h500_i0_raan0_el10,2026-01-04 19:46:43.293,460.905801,0.000568,0.000020,-0.000349,E2
h500_i0_raan0_el10,2026-01-04 21:27:43.281,458.473226,-0.000167,-0.000240,-0.000299,E2
h500_i0_raan0_el10,2026-01-04 23:08:42.478,457.179532,0.000363,-0.000358,-0.000253,E2
h500_i0_raan0_el10,2026-01-05 00:49:40.895,457.256717,0.000207,-0.000295,-0.000219,E2
h500_i0_raan0_el10,2026-01-05 02:30:38.687,458.680932,0.000251,-0.000023,-0.000206,E2
h500_i0_raan0_el10,2026-01-05 04:11:36.124,461.182689,0.000459,-0.000061,-0.000208,E2
h500_i0_raan0_el10,2026-01-05 05:52:33.538,464.300050,0.000183,0.000003,-0.000230,E2
h500_i0_raan0_el10,2026-01-05 07:33:31.260,467.462706,0.000206,-0.000350,-0.000262,E2
h500_i0_raan0_el10,2026-01-05 09:14:29.564,470.092828,0.000427,-0.000040,-0.000295,E2
h500_i0_raan0_el10,2026-01-05 10:55:28.619,471.707632,0.000641,-0.000066,-0.000339,E2
h500_i0_raan0_el10,2026-01-05 12:36:28.459,472.007669,0.000589,-0.000111,-0.000370,E2
h500_i0_raan0_el10,2026-01-05 14:17:28.975,470.934730,0.000266,-0.000421,-0.000417,E2
h500_i0_raan0_el10,2026-01-05 15:58:29.932,468.686365,-0.000243,-0.000274,-0.000397,E2
h500_i0_raan0_el10,2026-01-05 17:39:31.009,465.681248,0.000461,0.000335,-0.000374,E2
h500_i0_raan0_el10,2026-01-05 19:20:31.863,462.480202,0.000121,-0.000010,-0.000334,E2
h500_i0_raan0_el10,2026-01-05 21:01:32.188,459.678466,0.000438,-0.000383,-0.000287,E2
h500_i0_raan0_el10,2026-01-05 22:42:31.781,457.792152,0.000547,-0.000547,-0.000246,E2
h500_i0_raan0_el10,2026-01-06 00:23:30.578,457.162748,0.000039,-0.000433,-0.000219,E2
h500_i0_raan0_el10,2026-01-06 02:04:28.663,457.897719,0.000201,-0.000292,-0.000212,E2
h500_i0_raan0_el10,2026-01-06 03:45:26.253,459.855606,-0.000198,0.000171,-0.000238,E2
h500_i0_raan0_el10,2026-01-06 05:26:23.650,462.674824,0.000537,0.000111,-0.000250,E2
h500_i0_raan0_el10,2026-01-06 07:07:21.192,465.839152,-0.000120,-0.000248,-0.000280,E2
h500_i0_raan0_el10,2026-01-06 08:48:19.184,468.769239,0.000530,-0.000529,-0.000298,E2
h500_i0_raan0_el10,2026-01-06 10:29:17.854,470.926364,0.000626,-0.000363,-0.000353,E2
h500_i0_raan0_el10,2026-01-06 12:10:17.306,471.911583,0.000125,0.000330,-0.000379,E2
h500_i0_raan0_el10,2026-01-06 13:51:17.500,471.541769,0.000694,0.000074,-0.000389,E2
h500_i0_raan0_el10,2026-01-06 15:32:18.262,469.886294,0.000136,0.000052,-0.000378,E2
h500_i0_raan0_el10,2026-01-06 17:13:19.307,467.255091,-0.000076,-0.000318,-0.000333,E2
h500_i0_raan0_el10,2026-01-06 18:54:20.297,464.139346,-0.000277,-0.000237,-0.000306,E2
h500_i0_raan0_el10,2026-01-06 20:35:20.903,461.117100,-0.000053,-0.000215,-0.000262,E2
h500_i0_raan0_el10,2026-01-06 22:16:20.870,458.743914,0.000294,-0.000022,-0.000230,E2
h500_i0_raan0_el10,2026-01-06 23:57:20.065,457.450890,-0.000012,-0.000339,-0.000217,E2
h500_i0_raan0_el10,2026-01-07 01:38:18.498,457.468739,0.000165,-0.000338,-0.000242,E2
h500_i0_raan0_el10,2026-01-07 03:19:16.321,458.789377,-0.000061,0.000075,-0.000241,E2
h500_i0_raan0_el10,2026-01-07 05:00:13.794,461.169179,0.000192,0.000091,-0.000280,E2
h500_i0_raan0_el10,2026-01-07 06:41:11.240,464.172336,0.000186,0.000220,-0.000302,E2
h500_i0_raan0_el10,2026-01-07 08:22:08.985,467.247958,0.000028,-0.000384,-0.000370,E2
h500_i0_raan0_el10,2026-01-07 10:03:07.300,469.829530,0.000643,-0.000197,-0.000370,E2
h500_i0_raan0_el10,2026-01-07 11:44:06.356,471.439928,-0.000090,-0.000547,-0.000386,E2
h500_i0_raan0_el10,2026-01-07 13:25:06.184,471.781932,0.000502,0.000053,-0.000381,E2
h500_i0_raan0_el10,2026-01-07 15:06:06.677,470.795225,-0.000143,-0.000273,-0.000355,E2
h500_i0_raan0_el10,2026-01-07 16:47:07.599,468.667356,-0.000062,-0.000028,-0.000322,E2
h500_i0_raan0_el10,2026-01-07 18:28:08.635,465.796404,0.000645,-0.000221,-0.000270,E2
h500_i0_raan0_el10,2026-01-07 20:09:09.451,462.713991,-0.000246,-0.000474,-0.000219,E2
h500_i0_raan0_el10,2026-01-07 21:50:09.751,459.985405,0.000116,0.000315,-0.000206,E2
h500_i0_raan0_el10,2026-01-07 23:31:09.341,458.106762,0.000410,-0.000023,-0.000195,E2
h500_i0_raan0_el10,2026-01-08 01:12:08.159,457.417353,0.000158,0.000293,-0.000218,E2
h500_i0_raan0_el5,2026-01-01 00:52:25.410,574.779148,0.000173,0.000091,-0.000230,E2
h500_i0_raan0_el5,2026-01-01 02:33:22.853,577.556963,0.000463,0.000201,-0.000225,E2
h500_i0_raan0_el5,2026-01-01 04:14:20.188,581.027790,0.000329,-0.000087,-0.000205,E2
h500_i0_raan0_el5,2026-01-01 05:55:17.767,584.545845,-0.000284,0.000338,-0.000223,E2
h500_i0_raan0_el5,2026-01-01 07:36:15.892,587.464678,-0.000125,0.000328,-0.000225,E2
h500_i0_raan0_el5,2026-01-01 09:17:14.764,589.253739,-0.000151,0.000361,-0.000228,E2
h500_i0_raan0_el5,2026-01-01 10:58:14.446,589.589977,-0.000262,-0.000516,-0.000231,E2
h500_i0_raan0_el5,2026-01-01 12:39:14.854,588.412197,0.000604,-0.000445,-0.000246,E2
h500_i0_raan0_el5,2026-01-01 14:20:15.777,585.931856,-0.000231,0.000352,-0.000273,E2
h500_i0_raan0_el5,2026-01-01 16:01:16.905,582.598601,-0.000319,0.000015,-0.000267,E2
h500_i0_raan0_el5,2026-01-01 17:42:17.890,579.023657,0.000181,-0.000441,-0.000278,E2
h500_i0_raan0_el5,2026-01-01 19:23:18.407,575.870537,-0.000079,0.000178,-0.000280,E2
h500_i0_raan0_el5,2026-01-01 21:04:18.212,573.730437,-0.000159,0.000013,-0.000265,E2
h500_i0_raan0_el5,2026-01-01 22:45:17.194,573.006579,-0.000212,0.000137,-0.000230,E2
h500_i0_raan0_el5,2026-01-02 00:26:15.397,573.833650,0.000396,-0.000166,-0.000212,E2
h500_i0_raan0_el5,2026-01-02 02:07:13.015,576.051933,0.000407,0.000138,-0.000202,E2
h500_i0_raan0_el5,2026-01-02 03:48:10.350,579.241729,0.000436,-0.000026,-0.000191,E2
h500_i0_raan0_el5,2026-01-02 05:29:07.755,582.807931,0.000318,0.000063,-0.000186,E2
h500_i0_raan0_el5,2026-01-02 07:10:05.566,586.093859,-0.000157,-0.000514,-0.000216,E2
h500_i0_raan0_el5,2026-01-02 08:51:04.040,588.500661,-0.000140,0.000319,-0.000201,E2
h500_i0_raan0_el5,2026-01-02 10:32:03.313,589.591951,0.000080,-0.000221,-0.000252,E2
h500_i0_raan0_el5,2026-01-02 12:13:03.377,589.168799,-0.000110,-0.000588,-0.000277,E2
h500_i0_raan0_el5,2026-01-02 13:54:04.081,587.305102,-0.000287,-0.000478,-0.000293,E2
h500_i0_raan0_el5,2026-01-02 15:35:05.157,584.337573,0.000489,-0.000234,-0.000296,E2
h500_i0_raan0_el5,2026-01-02 17:16:06.269,580.809495,0.000143,0.000335,-0.000303,E2
h500_i0_raan0_el5,2026-01-02 18:57:07.067,577.374315,-0.000162,-0.000136,-0.000289,E2
h500_i0_raan0_el5,2026-01-02 20:38:07.256,574.673876,0.000046,-0.000350,-0.000272,E2
h500_i0_raan0_el5,2026-01-02 22:19:06.654,573.214358,0.000395,-0.000482,-0.000235,E2
h500_i0_raan0_el5,2026-01-03 00:00:05.229,573.266911,0.000028,-0.000264,-0.000204,E2
h500_i0_raan0_el5,2026-01-03 01:41:03.104,574.815870,-0.000167,-0.000484,-0.000187,E2
h500_i0_raan0_el5,2026-01-03 03:22:00.534,577.565544,0.000267,-0.000358,-0.000169,E2
h500_i0_raan0_el5,2026-01-03 05:02:57.856,581.001399,0.000339,-0.000433,-0.000171,E2
h500_i0_raan0_el5,2026-01-03 06:43:55.422,584.489409,-0.000111,0.000115,-0.000183,E2
h500_i0_raan0_el5,2026-01-03 08:24:53.534,587.392248,0.000232,0.000265,-0.000215,E2
h500_i0_raan0_el5,2026-01-03 10:05:52.395,589.181884,0.000183,-0.000185,-0.000252,E2
h500_i0_raan0_el5,2026-01-03 11:46:52.071,589.531693,0.000348,-0.000241,-0.000282,E2
h500_i0_raan0_el5,2026-01-03 13:27:52.483,588.374803,-0.000230,0.000292,-0.000281,E2
h500_i0_raan0_el5,2026-01-03 15:08:53.416,585.919022,-0.000026,-0.000335,-0.000331,E2
h500_i0_raan0_el5,2026-01-03 16:49:54.560,582.613488,-0.000226,-0.000051,-0.000313,E2
h500_i0_raan0_el5,2026-01-03 18:30:55.560,579.069493,0.000280,-0.000532,-0.000305,E2
h500_i0_raan0_el5,2026-01-03 20:11:56.086,575.947242,0.000210,0.000174,-0.000278,E2
h500_i0_raan0_el5,2026-01-03 21:52:55.893,573.829609,0.000180,-0.000448,-0.000237,E2
h500_i0_raan0_el5,2026-01-03 23:33:54.872,573.109340,0.000445,-0.000415,-0.000201,E2
h500_i0_raan0_el5,2026-01-04 01:14:53.072,573.914532,0.000596,-0.000057,-0.000184,E2
h500_i0_raan0_el5,2026-01-04 02:55:50.689,576.087835,-0.000143,-0.000480,-0.000172,E2
h500_i0_raan0_el5,2026-01-04 04:36:48.023,579.221120,0.000417,0.000370,-0.000167,E2
h500_i0_raan0_el5,2026-01-04 06:17:45.427,582.735060,-0.000366,-0.000484,-0.000178,E2
h500_i0_raan0_el5,2026-01-04 07:58:43.232,585.985994,0.000396,0.000177,-0.000214,E2
h500_i0_raan0_el5,2026-01-04 09:39:41.699,588.380805,0.000046,-0.000383,-0.000233,E2
h500_i0_raan0_el5,2026-01-04 11:20:40.965,589.481715,0.000153,-0.000395,-0.000263,E2
h500_i0_raan0_el5,2026-01-04 13:01:41.025,589.084983,0.000384,0.000070,-0.000297,E2
h500_i0_raan0_el5,2026-01-04 14:42:41.730,587.260114,0.000312,0.000109,-0.000317,E2
h500_i0_raan0_el5,2026-01-04 16:23:42.811,584.340869,-0.000085,-0.000538,-0.000323,E2
h500_i0_raan0_el5,2026-01-04 18:04:43.925,580.866738,0.000569,0.000017,-0.000289,E2
h500_i0_raan0_el5,2026-01-04 19:45:44.723,577.483339,-0.000075,-0.000010,-0.000274,E2
h500_i0_raan0_el5,2026-01-04 21:26:44.909,574.820041,0.000000,-0.000195,-0.000236,E2
h500_i0_raan0_el5,2026-01-04 23:07:44.305,573.369746,-0.000075,-0.000521,-0.000192,E2
h500_i0_raan0_el5,2026-01-05 00:48:42.882,573.396127,-0.000249,-0.000272,-0.000150,E2
h500_i0_raan0_el5,2026-01-05 02:29:40.765,574.886974,-0.000371,0.000448,-0.000155,E2
h500_i0_raan0_el5,2026-01-05 04:10:38.206,577.560833,0.000602,0.000269,-0.000166,E2
h500_i0_raan0_el5,2026-01-05 05:51:35.539,580.922540,-0.000099,0.000237,-0.000204,E2
h500_i0_raan0_el5,2026-01-05 07:32:33.109,584.354933,0.000371,0.000088,-0.000215,E2
h500_i0_raan0_el5,2026-01-05 09:13:31.220,587.229964,0.000167,-0.000107,-0.000238,E2
h500_i0_raan0_el5,2026-01-05 10:54:30.075,589.021025,0.000106,-0.000140,-0.000271,E2
h500_i0_raan0_el5,2026-01-05 12:35:29.744,589.398316,-0.000289,-0.000269,-0.000296,E2
h500_i0_raan0_el5,2026-01-05 14:16:30.148,588.290644,-0.000229,0.000100,-0.000315,E2
h500_i0_raan0_el5,2026-01-05 15:57:31.073,585.901098,0.000318,0.000095,-0.000320,E2
h500_i0_raan0_el5,2026-01-05 17:38:32.208,582.671620,-0.000258,0.000066,-0.000296,E2
h500_i0_raan0_el5,2026-01-05 19:19:33.197,579.201310,-0.000029,0.000006,-0.000275,E2
h500_i0_raan0_el5,2026-01-05 21:00:33.712,576.133611,0.000483,-0.000109,-0.000204,E2
h500_i0_raan0_el5,2026-01-05 22:41:33.515,574.034847,-0.000043,-0.000411,-0.000215,E2
h500_i0_raan0_el5,2026-01-06 00:22:32.500,573.288681,-0.000255,0.000263,-0.000163,E2
h500_i0_raan0_el5,2026-01-06 02:03:30.716,574.026895,0.000036,-0.000235,-0.000167,E2
h500_i0_raan0_el5,2026-01-06 03:44:28.355,576.108209,-0.000034,-0.000016,-0.000191,E2
h500_i0_raan0_el5,2026-01-06 05:25:25.712,579.146842,-0.000189,-0.000542,-0.000195,E2
h500_i0_raan0_el5,2026-01-06 07:06:23.131,582.583925,-0.000186,-0.000483,-0.000222,E2
h500_i0_raan0_el5,2026-01-06 08:47:20.943,585.788776,-0.000156,0.000354,-0.000265,E2
h500_i0_raan0_el5,2026-01-06 10:28:19.407,588.172998,-0.000123,-0.000398,-0.000273,E2
h500_i0_raan0_el5,2026-01-06 12:09:18.664,589.298010,-0.000242,-0.000508,-0.000276,E2
h500_i0_raan0_el5,2026-01-06 13:50:18.710,588.956598,0.000081,-0.000607,-0.000286,E2
h500_i0_raan0_el5,2026-01-06 15:31:19.397,587.212538,0.000020,0.000247,-0.000311,E2
h500_i0_raan0_el5,2026-01-06 17:12:20.456,584.389569,-0.000046,0.000248,-0.000275,E2
h500_i0_raan0_el5,2026-01-06 18:53:21.547,581.010978,0.000548,0.000284,-0.000242,E2
h500_i0_raan0_el5,2026-01-06 20:34:22.325,577.701363,0.000537,-0.000308,-0.000208,E2
h500_i0_raan0_el5,2026-01-06 22:15:22.503,575.070000,-0.000329,-0.000511,-0.000182,E2
h500_i0_raan0_el5,2026-01-06 23:56:21.905,573.598508,0.000081,0.000423,-0.000167,E2
h500_i0_raan0_el5,2026-01-07 01:37:20.504,573.553638,0.000001,-0.000536,-0.000174,E2
h500_i0_raan0_el5,2026-01-07 03:18:18.419,574.940183,0.000274,0.000250,-0.000207,E2
h500_i0_raan0_el5,2026-01-07 04:59:15.895,577.501261,0.000189,0.000235,-0.000215,E2
h500_i0_raan0_el5,2026-01-07 06:40:13.255,580.765314,-0.000197,-0.000139,-0.000256,E2
h500_i0_raan0_el5,2026-01-07 08:21:10.841,584.131810,-0.000072,-0.000532,-0.000270,E2
h500_i0_raan0_el5,2026-01-07 10:02:08.955,586.981067,-0.000299,-0.000496,-0.000264,E2
h500_i0_raan0_el5,2026-01-07 11:43:07.801,588.788640,0.000198,-0.000485,-0.000323,E2
h500_i0_raan0_el5,2026-01-07 13:24:07.451,589.222886,0.000515,0.000084,-0.000318,E2
h500_i0_raan0_el5,2026-01-07 15:05:07.829,588.206630,-0.000231,0.000131,-0.000268,E2
h500_i0_raan0_el5,2026-01-07 16:46:08.721,585.930804,0.000030,-0.000393,-0.000227,E2
h500_i0_raan0_el5,2026-01-07 18:27:09.820,582.817624,0.000293,-0.000294,-0.000211,E2
h500_i0_raan0_el5,2026-01-07 20:08:10.780,579.441151,-0.000081,-0.000110,-0.000180,E2
h500_i0_raan0_el5,2026-01-07 21:49:11.280,576.421093,0.000105,0.000033,-0.000165,E2
h500_i0_raan0_el5,2026-01-07 23:30:11.087,574.309855,0.000528,0.000221,-0.000162,E2
h500_i0_raan0_el5,2026-01-08 01:11:10.098,573.492831,0.000031,-0.000319,-0.000181,E2
h500_i45_raan0_el10,2026-01-01 09:21:29.934,340.675095,0.002288,0.000189,-0.002194,E2
h500_i45_raan0_el10,2026-01-01 11:00:02.222,380.046257,0.001129,0.002052,0.001666,E2
h500_i45_raan0_el10,2026-01-01 21:08:32.697,379.619717,-0.001248,-0.000281,0.001250,E2
h500_i45_raan0_el10,2026-01-01 22:47:57.097,313.423444,-0.000319,-0.001780,-0.001905,E2
h500_i45_raan0_el10,2026-01-02 08:57:16.535,346.148304,0.002401,0.000637,-0.002068,E2
h500_i45_raan0_el10,2026-01-02 10:35:53.728,375.737939,0.000393,0.002125,0.001794,E2
h500_i45_raan0_el10,2026-01-02 20:44:20.208,383.734815,-0.001952,-0.000853,0.001284,E2
h500_i45_raan0_el10,2026-01-02 22:23:49.988,306.802998,-0.000203,-0.002179,-0.001973,E2
h500_i45_raan0_el10,2026-01-03 08:33:03.260,351.374394,0.002149,0.000591,-0.001952,E2
h500_i45_raan0_el10,2026-01-03 10:11:45.337,371.227470,0.000816,0.002150,0.001864,E2
h500_i45_raan0_el10,2026-01-03 20:20:07.759,387.755833,-0.002450,-0.000362,0.001255,E2
h500_i45_raan0_el10,2026-01-03 21:59:42.990,299.967345,-0.000792,-0.002531,-0.002084,E2
h500_i45_raan0_el10,2026-01-04 08:08:50.104,356.365573,0.001605,0.000308,-0.001870,E2
h500_i45_raan0_el10,2026-01-04 09:47:37.056,366.507864,0.000074,0.001848,0.001910,E2
h500_i45_raan0_el10,2026-01-04 19:55:55.348,391.684058,-0.002311,-0.001041,0.001213,E2
h500_i45_raan0_el10,2026-01-04 21:35:36.109,292.900417,-0.001013,-0.002796,-0.002200,E2
h500_i45_raan0_el10,2026-01-05 07:44:37.062,361.133447,0.001012,-0.000358,-0.001817,E2
h500_i45_raan0_el10,2026-01-05 09:23:28.888,361.571883,-0.000030,0.001825,0.001972,E2
h500_i45_raan0_el10,2026-01-05 19:31:42.975,395.520323,-0.002773,-0.001286,0.001164,E2
h500_i45_raan0_el10,2026-01-05 21:11:29.354,285.583356,-0.001391,-0.003352,-0.002317,E2
h500_i45_raan0_el10,2026-01-06 07:20:24.129,365.689133,0.000788,-0.000850,-0.001772,E2
h500_i45_raan0_el10,2026-01-06 08:59:20.839,356.411919,-0.000561,0.001403,0.002045,E2
h500_i45_raan0_el10,2026-01-06 19:07:30.639,399.265017,-0.003933,-0.002803,0.001112,E2
h500_i45_raan0_el10,2026-01-06 20:47:22.735,277.994001,-0.001834,-0.004247,-0.002414,E2
h500_i45_raan0_el10,2026-01-07 06:56:11.301,370.043298,0.000504,-0.001940,-0.001741,E2
h500_i45_raan0_el10,2026-01-07 08:35:12.914,351.019917,-0.001458,0.000587,0.002128,E2
h500_i45_raan0_el10,2026-01-07 18:43:18.338,402.918097,-0.004530,-0.003384,0.001049,E2
h500_i45_raan0_el10,2026-01-07 20:23:16.264,270.106291,-0.002275,-0.004483,-0.002499,E2
h500_i45_raan0_el5,2026-01-01 09:20:16.932,486.604612,0.002597,0.000689,-0.001520,E2
h500_i45_raan0_el5,2026-01-01 10:58:54.965,514.704190,0.001137,0.002557,0.001230,E2
h500_i45_raan0_el5,2026-01-01 21:07:26.764,511.205217,-0.001243,-0.001080,0.000946,E2
h500_i45_raan0_el5,2026-01-01 22:46:41.571,464.634498,-0.000646,-0.001410,-0.001262,E2
h500_i45_raan0_el5,2026-01-02 08:56:04.413,490.360323,0.002203,0.001086,-0.001440,E2
h500_i45_raan0_el5,2026-01-02 10:34:45.893,511.592305,0.001237,0.001808,0.001267,E2
h500_i45_raan0_el5,2026-01-02 20:43:14.784,514.269266,-0.002163,-0.000945,0.000952,E2
h500_i45_raan0_el5,2026-01-02 22:22:33.322,460.258825,-0.000689,-0.002156,-0.001292,E2
h500_i45_raan0_el5,2026-01-03 08:31:51.972,493.959090,0.001862,0.000580,-0.001372,E2
h500_i45_raan0_el5,2026-01-03 10:10:36.897,508.336857,0.000233,0.002424,0.001334,E2
h500_i45_raan0_el5,2026-01-03 20:19:02.817,517.291664,-0.001448,-0.000865,0.000919,E2
h500_i45_raan0_el5,2026-01-03 21:58:25.111,455.813168,-0.000950,-0.002130,-0.001348,E2
h500_i45_raan0_el5,2026-01-04 08:07:39.608,497.405755,0.001133,0.000576,-0.001312,E2
h500_i45_raan0_el5,2026-01-04 09:46:27.977,504.935414,0.000361,0.002158,0.001383,E2
h500_i45_raan0_el5,2026-01-04 19:54:50.866,520.271374,-0.002354,-0.001054,0.000927,E2
h500_i45_raan0_el5,2026-01-04 21:34:16.938,451.294687,-0.000789,-0.002509,-0.001407,E2
h500_i45_raan0_el5,2026-01-05 07:43:27.318,500.705406,0.001382,-0.000509,-0.001297,E2
h500_i45_raan0_el5,2026-01-05 09:22:19.137,501.385822,-0.000250,0.000973,0.001401,E2
h500_i45_raan0_el5,2026-01-05 19:30:38.929,523.207002,-0.002843,-0.001971,0.000869,E2
h500_i45_raan0_el5,2026-01-05 21:10:08.805,446.699823,-0.001206,-0.002842,-0.001458,E2
h500_i45_raan0_el5,2026-01-06 07:19:15.102,503.863374,0.000763,-0.001142,-0.001278,E2
h500_i45_raan0_el5,2026-01-06 08:58:10.378,497.686169,-0.000738,0.000861,0.001430,E2
h500_i45_raan0_el5,2026-01-06 19:06:27.007,526.096802,-0.003744,-0.002107,0.000835,E2
h500_i45_raan0_el5,2026-01-06 20:46:00.713,442.024258,-0.001846,-0.004089,-0.001501,E2
h500_i45_raan0_el5,2026-01-07 06:55:02.957,506.885191,0.000236,-0.001824,-0.001252,E2
h500_i45_raan0_el5,2026-01-07 08:34:01.702,493.834778,-0.001373,-0.000116,0.001479,E2
h500_i45_raan0_el5,2026-01-07 18:42:15.099,528.938691,-0.003719,-0.003242,0.000786,E2
h500_i45_raan0_el5,2026-01-07 20:21:52.664,437.262906,-0.002983,-0.004596,-0.001519,E2
h500_i51p6_raan0_el10,2026-01-01 09:22:19.155,306.555793,0.002580,0.000072,-0.002301,E2
h500_i51p6_raan0_el10,2026-01-01 11:00:09.498,356.733178,0.000928,0.002837,0.001732,E2
h500_i51p6_raan0_el10,2026-01-01 21:09:33.466,343.996730,-0.001567,-0.000390,0.001447,E2
h500_i51p6_raan0_el10,2026-01-01 22:48:11.030,298.763420,0.000047,-0.002294,-0.001761,E2
h500_i51p6_raan0_el10,2026-01-02 08:58:41.057,298.728236,0.003179,0.000002,-0.002414,E2
h500_i51p6_raan0_el10,2026-01-02 10:36:24.775,362.132212,0.000916,0.002841,0.001712,E2
h500_i51p6_raan0_el10,2026-01-02 20:45:54.439,338.266046,-0.001969,-0.000402,0.001521,E2
h500_i51p6_raan0_el10,2026-01-02 22:24:25.424,306.237441,-0.000401,-0.001620,-0.001661,E2
h500_i51p6_raan0_el10,2026-01-03 08:35:03.156,290.504571,0.002561,-0.000382,-0.002514,E2
h500_i51p6_raan0_el10,2026-01-03 10:12:40.167,367.308439,0.000430,0.002539,0.001670,E2
h500_i51p6_raan0_el10,2026-01-03 20:22:15.514,332.321620,-0.001841,-0.000614,0.001607,E2
h500_i51p6_raan0_el10,2026-01-03 22:00:39.972,313.408875,-0.000894,-0.002624,-0.001605,E2
h500_i51p6_raan0_el10,2026-01-04 08:11:25.468,281.850325,0.002259,-0.000045,-0.002629,E2
h500_i51p6_raan0_el10,2026-01-04 09:48:55.669,372.271214,0.000089,0.001882,0.001579,E2
h500_i51p6_raan0_el10,2026-01-04 19:58:36.699,326.150803,-0.003142,-0.000647,0.001692,E2
h500_i51p6_raan0_el10,2026-01-04 21:36:54.663,320.298627,-0.001189,-0.002113,-0.001551,E2
h500_i51p6_raan0_el10,2026-01-05 07:47:48.014,272.724907,0.001788,-0.001059,-0.002754,E2
h500_i51p6_raan0_el10,2026-01-05 09:25:11.277,377.029064,-0.000107,0.001452,0.001495,E2
h500_i51p6_raan0_el10,2026-01-05 19:34:57.998,319.739499,-0.003162,-0.001877,0.001785,E2
h500_i51p6_raan0_el10,2026-01-05 21:13:09.488,326.924873,-0.001647,-0.003298,-0.001524,E2
h500_i51p6_raan0_el10,2026-01-06 07:24:10.818,263.079940,0.001509,-0.001444,-0.002893,E2
h500_i51p6_raan0_el10,2026-01-06 09:01:26.988,381.589770,-0.000838,0.001338,0.001406,E2
h500_i51p6_raan0_el10,2026-01-06 19:11:19.420,313.071908,-0.003368,-0.001578,0.001882,E2
h500_i51p6_raan0_el10,2026-01-06 20:49:24.439,333.303502,-0.002586,-0.003585,-0.001501,E2
h500_i51p6_raan0_el10,2026-01-07 07:00:33.910,252.856861,0.000826,-0.002344,-0.003031,E2
h500_i51p6_raan0_el10,2026-01-07 08:37:42.798,385.960479,-0.001493,0.000287,0.001301,E2
h500_i51p6_raan0_el10,2026-01-07 18:47:40.974,306.130191,-0.004232,-0.003052,0.001988,E2
h500_i51p6_raan0_el10,2026-01-07 20:25:39.508,339.448500,-0.003374,-0.004353,-0.001479,E2
h500_i51p6_raan0_el5,2026-01-01 09:21:01.350,462.039353,0.001927,0.000752,-0.001528,E2
h500_i51p6_raan0_el5,2026-01-01 10:58:59.731,496.453499,0.001401,0.002129,0.001230,E2
h500_i51p6_raan0_el5,2026-01-01 21:08:23.041,484.550197,-0.001842,-0.000624,0.001022,E2
h500_i51p6_raan0_el5,2026-01-01 22:46:53.618,453.770529,-0.000926,-0.001528,-0.001131,E2
h500_i51p6_raan0_el5,2026-01-02 08:57:21.898,456.939317,0.001824,0.000581,-0.001559,E2
h500_i51p6_raan0_el5,2026-01-02 10:35:15.796,500.296259,0.000708,0.002187,0.001220,E2
h500_i51p6_raan0_el5,2026-01-02 20:44:43.120,480.580673,-0.001955,-0.001205,0.001077,E2
h500_i51p6_raan0_el5,2026-01-02 22:23:09.291,458.658728,-0.000929,-0.002293,-0.001092,E2
h500_i51p6_raan0_el5,2026-01-03 08:33:42.534,451.657563,0.002192,0.000164,-0.001591,E2
h500_i51p6_raan0_el5,2026-01-03 10:11:31.932,504.000721,0.001299,0.002212,0.001192,E2
h500_i51p6_raan0_el5,2026-01-03 20:21:03.248,476.505135,-0.002222,-0.000963,0.001124,E2
h500_i51p6_raan0_el5,2026-01-03 21:59:25.031,463.418833,-0.001201,-0.002430,-0.001062,E2
h500_i51p6_raan0_el5,2026-01-04 08:10:03.262,446.187837,0.002411,0.000608,-0.001639,E2
h500_i51p6_raan0_el5,2026-01-04 09:47:48.140,507.569968,0.000867,0.001999,0.001164,E2
h500_i51p6_raan0_el5,2026-01-04 19:57:23.426,472.320081,-0.002137,-0.000886,0.001170,E2
h500_i51p6_raan0_el5,2026-01-04 21:35:40.835,468.055105,-0.001093,-0.002036,-0.001048,E2
h500_i51p6_raan0_el5,2026-01-05 07:46:24.086,440.523484,0.001973,-0.000231,-0.001688,E2
h500_i51p6_raan0_el5,2026-01-05 09:24:04.418,511.006939,0.000214,0.001243,0.001090,E2
h500_i51p6_raan0_el5,2026-01-05 19:33:43.657,468.021781,-0.003125,-0.002123,0.001221,E2
h500_i51p6_raan0_el5,2026-01-05 21:11:56.702,472.571368,-0.001778,-0.002452,-0.001042,E2
h500_i51p6_raan0_el5,2026-01-06 07:22:45.009,434.657417,0.001521,-0.000771,-0.001709,E2
h500_i51p6_raan0_el5,2026-01-06 09:00:20.764,514.314426,0.000063,0.000514,0.001025,E2
h500_i51p6_raan0_el5,2026-01-06 19:10:03.941,463.606248,-0.003524,-0.002016,0.001260,E2
h500_i51p6_raan0_el5,2026-01-06 20:48:12.629,476.971065,-0.002305,-0.003263,-0.001023,E2
h500_i51p6_raan0_el5,2026-01-07 06:59:06.036,428.582028,0.000017,-0.001732,-0.001777,E2
h500_i51p6_raan0_el5,2026-01-07 08:36:37.178,517.495106,-0.000793,0.000279,0.000966,E2
h500_i51p6_raan0_el5,2026-01-07 18:46:24.281,459.069203,-0.004540,-0.003025,0.001312,E2
h500_i51p6_raan0_el5,2026-01-07 20:24:28.615,481.257294,-0.003519,-0.004251,-0.001026,E2
h800_i45_raan0_el10,2026-01-01 09:58:06.176,662.364630,0.001516,0.001782,-0.000364,E2
h800_i45_raan0_el10,2026-01-01 11:46:23.896,368.371518,-0.000337,0.003376,0.004195,E2
h800_i45_raan0_el10,2026-01-01 20:49:59.377,536.206419,-0.002092,-0.000131,0.001542,E2
h800_i45_raan0_el10,2026-01-01 22:35:09.552,605.061095,-0.000943,-0.001683,-0.000835,E2
h800_i45_raan0_el10,2026-01-02 09:26:49.066,651.675053,0.001976,0.001470,-0.000559,E2
h800_i45_raan0_el10,2026-01-02 11:14:22.089,442.320534,-0.000461,0.003237,0.003164,E2
h800_i45_raan0_el10,2026-01-02 20:18:58.258,491.068814,-0.002742,0.000112,0.002040,E2
h800_i45_raan0_el10,2026-01-02 22:03:36.200,626.864232,-0.000662,-0.001064,-0.000634,E2
h800_i45_raan0_el10,2026-01-03 08:55:34.481,635.755207,0.001240,0.000654,-0.000794,E2
h800_i45_raan0_el10,2026-01-03 10:42:29.326,499.120631,0.000167,0.002261,0.002463,E2
h800_i45_raan0_el10,2026-01-03 19:48:02.621,434.133114,-0.002501,0.000330,0.002717,E2
h800_i45_raan0_el10,2026-01-03 21:32:05.801,643.039011,-0.000750,-0.001193,-0.000454,E2
h800_i45_raan0_el10,2026-01-04 08:24:22.592,614.167748,0.001433,0.000129,-0.001052,E2
h800_i45_raan0_el10,2026-01-04 10:10:42.849,544.183159,0.000574,0.001681,0.001948,E2
h800_i45_raan0_el10,2026-01-04 19:17:15.213,359.798607,-0.003889,0.000482,0.003764,E2
h800_i45_raan0_el10,2026-01-04 21:00:38.083,654.035051,-0.001681,-0.001944,-0.000314,E2
h800_i45_raan0_el10,2026-01-05 07:53:13.685,586.249473,0.001583,-0.000270,-0.001326,E2
h800_i45_raan0_el10,2026-01-05 09:39:01.228,580.266476,0.000142,0.001142,0.001524,E2
h800_i45_raan0_el10,2026-01-05 18:46:43.445,253.123221,-0.005373,0.000867,0.006020,E2
h800_i45_raan0_el10,2026-01-05 20:29:12.856,660.134978,-0.001864,-0.002014,-0.000128,E2
h800_i45_raan0_el10,2026-01-06 07:22:08.216,550.994087,0.001222,-0.000376,-0.001685,E2
h800_i45_raan0_el10,2026-01-06 09:07:23.604,608.986523,0.000012,0.000722,0.001187,E2
h800_i45_raan0_el10,2026-01-06 19:57:49.999,661.490154,-0.002632,-0.002424,0.000054,E2
h800_i45_raan0_el10,2026-01-06 21:47:58.748,144.871426,0.001818,-0.006788,-0.009033,E2
h800_i45_raan0_el10,2026-01-07 06:51:06.927,506.819475,0.000208,-0.001485,-0.002167,E2
h800_i45_raan0_el10,2026-01-07 08:35:49.418,631.365644,-0.000428,0.000116,0.000900,E2
h800_i45_raan0_el10,2026-01-07 19:26:29.446,658.138141,-0.003366,-0.003009,0.000216,E2
h800_i45_raan0_el10,2026-01-07 21:15:14.852,303.327403,-0.001635,-0.005065,-0.003832,E2
h800_i45_raan0_el5,2026-01-01 08:15:19.997,278.809766,0.004787,-0.001862,-0.007415,E2
h800_i45_raan0_el5,2026-01-01 09:56:58.832,797.016163,0.001785,0.001662,-0.000285,E2
h800_i45_raan0_el5,2026-01-01 11:44:37.072,582.500182,0.000662,0.002444,0.002600,E2
h800_i45_raan0_el5,2026-01-01 20:48:39.276,695.891656,-0.002189,-0.000361,0.001172,E2
h800_i45_raan0_el5,2026-01-01 22:33:57.778,748.829058,-0.000768,-0.001344,-0.000635,E2
h800_i45_raan0_el5,2026-01-02 09:25:40.715,788.325850,0.002036,0.001419,-0.000467,E2
h800_i45_raan0_el5,2026-01-02 11:12:48.083,630.800805,0.000661,0.002645,0.002179,E2
h800_i45_raan0_el5,2026-01-02 20:17:32.197,662.580189,-0.002513,-0.000834,0.001490,E2
h800_i45_raan0_el5,2026-01-02 22:02:26.599,766.193390,-0.001340,-0.001456,-0.000507,E2
h800_i45_raan0_el5,2026-01-03 08:54:24.589,775.470921,0.001927,0.001208,-0.000641,E2
h800_i45_raan0_el5,2026-01-03 10:41:03.644,670.941799,0.000658,0.002259,0.001802,E2
h800_i45_raan0_el5,2026-01-03 19:46:28.043,622.587059,-0.002601,-0.000672,0.001870,E2
h800_i45_raan0_el5,2026-01-03 21:30:57.722,779.229926,-0.001094,-0.001490,-0.000323,E2
h800_i45_raan0_el5,2026-01-04 08:23:10.526,758.215320,0.001755,0.000245,-0.000830,E2
h800_i45_raan0_el5,2026-01-04 10:09:22.998,704.330703,0.000353,0.001539,0.001483,E2
h800_i45_raan0_el5,2026-01-04 19:15:27.469,574.492637,-0.003181,-0.000221,0.002323,E2
h800_i45_raan0_el5,2026-01-04 20:59:30.981,788.178956,-0.001620,-0.001893,-0.000229,E2
h800_i45_raan0_el5,2026-01-04 22:49:56.102,252.913682,0.001826,-0.004609,-0.006117,E2
h800_i45_raan0_el5,2026-01-05 07:51:58.649,736.220735,0.000981,0.000679,-0.001038,E2
h800_i45_raan0_el5,2026-01-05 09:37:45.624,731.905683,0.000033,0.000894,0.001178,E2
h800_i45_raan0_el5,2026-01-05 18:44:31.559,516.011239,-0.003266,-0.001125,0.002902,E2
h800_i45_raan0_el5,2026-01-05 20:28:06.250,793.197803,-0.002558,-0.001849,-0.000094,E2
h800_i45_raan0_el5,2026-01-05 22:17:25.071,383.241447,0.000192,-0.004092,-0.003730,E2
h800_i45_raan0_el5,2026-01-06 07:20:49.146,709.012521,0.001044,-0.000727,-0.001292,E2
h800_i45_raan0_el5,2026-01-06 09:06:11.146,754.318827,-0.000389,0.000369,0.000931,E2
h800_i45_raan0_el5,2026-01-06 18:13:42.312,443.027175,-0.004377,-0.000484,0.003718,E2
h800_i45_raan0_el5,2026-01-06 19:56:43.438,794.373518,-0.002979,-0.002406,0.000055,E2
h800_i45_raan0_el5,2026-01-06 21:45:15.282,472.302487,-0.001722,-0.003969,-0.002733,E2
h800_i45_raan0_el5,2026-01-07 06:49:42.303,675.922723,0.000542,-0.001336,-0.001601,E2
h800_i45_raan0_el5,2026-01-07 08:34:39.284,772.033494,-0.001225,-0.000008,0.000722,E2
h800_i45_raan0_el5,2026-01-07 17:43:04.193,346.484021,-0.006498,-0.001290,0.005188,E2
h800_i45_raan0_el5,2026-01-07 19:25:22.488,791.729510,-0.003965,-0.003281,0.000174,E2
h800_i45_raan0_el5,2026-01-07 21:13:16.247,540.939262,-0.002388,-0.004247,-0.002121,E2
h600_iSSO_raan0_el10,2026-01-01 09:37:28.206,376.371363,0.001249,0.002147,0.000534,E2
h600_iSSO_raan0_el10,2026-01-01 11:13:31.955,287.217311,0.002431,0.001795,-0.000947,E2
h600_iSSO_raan0_el10,2026-01-01 21:41:13.467,387.088836,-0.001229,-0.001723,-0.000330,E2
h600_iSSO_raan0_el10,2026-01-01 23:17:40.400,250.790920,-0.001764,-0.001164,0.000680,E2
h600_iSSO_raan0_el10,2026-01-02 09:46:08.105,429.740419,0.001685,0.001533,0.000429,E2
h600_iSSO_raan0_el10,2026-01-02 11:23:57.943,128.438015,0.003538,0.000756,-0.002797,E2
h600_iSSO_raan0_el10,2026-01-02 21:49:55.832,436.009640,-0.000795,-0.001368,-0.000213,E2
h600_iSSO_raan0_el10,2026-01-03 09:54:56.657,466.089670,0.001254,0.002229,0.000305,E2
h600_iSSO_raan0_el10,2026-01-03 21:58:46.243,468.976822,-0.001414,-0.001681,-0.000089,E2
h600_iSSO_raan0_el10,2026-01-04 10:03:51.838,489.401282,0.001733,0.002209,0.000194,E2
h600_iSSO_raan0_el10,2026-01-04 22:07:42.961,489.405204,-0.001190,-0.001004,-0.000019,E2
h600_iSSO_raan0_el10,2026-01-05 10:12:52.652,501.609621,0.002052,0.001791,0.000117,E2
h600_iSSO_raan0_el10,2026-01-05 22:16:45.128,498.954987,-0.001239,-0.001235,0.000017,E2
h600_iSSO_raan0_el10,2026-01-06 10:21:58.637,503.580221,0.002337,0.001524,-0.000034,E2
h600_iSSO_raan0_el10,2026-01-06 22:25:52.371,498.312857,-0.000607,-0.000748,0.000002,E2
h600_iSSO_raan0_el10,2026-01-07 10:31:09.702,495.437754,0.002518,0.002031,-0.000242,E2
h600_iSSO_raan0_el10,2026-01-07 22:35:04.680,487.443567,-0.000430,-0.000984,-0.000121,E2
h600_iSSO_raan0_el5,2026-01-01 09:36:15.725,521.077540,0.001020,0.001953,0.000393,E2
h600_iSSO_raan0_el5,2026-01-01 11:12:04.875,461.787754,0.002454,0.001656,-0.000552,E2
h600_iSSO_raan0_el5,2026-01-01 21:40:03.118,527.477201,-0.001253,-0.001268,-0.000216,E2
h600_iSSO_raan0_el5,2026-01-01 23:16:06.766,438.379095,-0.001339,-0.000855,0.000389,E2
h600_iSSO_raan0_el5,2026-01-02 09:45:02.685,560.378707,0.001486,0.001532,0.000338,E2
h600_iSSO_raan0_el5,2026-01-02 11:21:49.995,384.804327,0.002010,0.001435,-0.000901,E2
h600_iSSO_raan0_el5,2026-01-02 21:48:51.760,563.916332,-0.001151,-0.000949,-0.000130,E2
h600_iSSO_raan0_el5,2026-01-02 23:25:55.562,352.986164,-0.001505,-0.000858,0.000483,E2
h600_iSSO_raan0_el5,2026-01-03 09:53:55.436,588.382485,0.001490,0.002219,0.000245,E2
h600_iSSO_raan0_el5,2026-01-03 11:31:55.136,267.425299,0.002412,0.001038,-0.001672,E2
h600_iSSO_raan0_el5,2026-01-03 21:57:45.916,589.462689,-0.001120,-0.001491,-0.000060,E2
h600_iSSO_raan0_el5,2026-01-03 23:36:10.967,213.853165,-0.001100,-0.000185,0.000750,E2
h600_iSSO_raan0_el5,2026-01-04 10:02:53.094,606.794458,0.001233,0.001852,0.000161,E2
h600_iSSO_raan0_el5,2026-01-04 22:06:44.795,605.639957,-0.001537,-0.001583,-0.000003,E2
h600_iSSO_raan0_el5,2026-01-05 10:11:55.152,616.565896,0.002271,0.002250,0.000083,E2
h600_iSSO_raan0_el5,2026-01-05 22:15:47.948,613.284755,-0.000569,-0.000784,0.000030,E2
h600_iSSO_raan0_el5,2026-01-06 10:21:01.355,618.153086,0.002520,0.001597,-0.000008,E2
h600_iSSO_raan0_el5,2026-01-06 22:24:55.165,612.765490,-0.001016,-0.000527,-0.000001,E2
h600_iSSO_raan0_el5,2026-01-07 10:30:11.641,611.621838,0.002484,0.002138,-0.000184,E2
h600_iSSO_raan0_el5,2026-01-07 22:34:06.424,604.065047,-0.000909,-0.000953,-0.000091,E2
