case_id,gmat_start,peak_el,d_start_s,d_stop_s
h500_i0_raan0_el10,2026-01-01 00:53:23.377,68.259870,0.000607,-0.000096
h500_i0_raan0_el10,2026-01-01 02:34:20.827,69.346195,0.000530,0.000206
h500_i0_raan0_el10,2026-01-01 04:15:18.244,70.489784,0.000149,-0.000090
h500_i0_raan0_el10,2026-01-01 05:56:15.964,71.512815,0.000648,0.000304
h500_i0_raan0_el10,2026-01-01 07:37:14.266,72.250560,0.000197,0.000368
h500_i0_raan0_el10,2026-01-01 09:18:13.316,72.591124,0.000460,-0.000296
h500_i0_raan0_el10,2026-01-01 10:59:13.146,72.505698,-0.000199,-0.000473
h500_i0_raan0_el10,2026-01-01 12:40:13.644,72.053604,0.000372,-0.000365
h500_i0_raan0_el10,2026-01-01 14:21:14.582,71.360500,0.000144,-0.000357
h500_i0_raan0_el10,2026-01-01 16:02:15.648,70.585349,0.000601,-0.000039
h500_i0_raan0_el10,2026-01-01 17:43:16.506,69.890509,0.000381,-0.000414
h500_i0_raan0_el10,2026-01-01 19:24:16.852,69.417162,-0.000089,-0.000449
h500_i0_raan0_el10,2026-01-01 21:05:16.473,69.264060,0.000059,0.000352
h500_i0_raan0_el10,2026-01-01 22:46:15.292,69.471347,0.000336,-0.000035
h500_i0_raan0_el10,2026-01-02 00:27:13.385,70.014114,-0.000294,0.000000
h500_i0_raan0_el10,2026-01-02 02:08:10.964,70.808381,0.000064,0.000024
h500_i0_raan0_el10,2026-01-02 03:49:08.341,71.727601,-0.000352,-0.000330
h500_i0_raan0_el10,2026-01-02 05:30:05.860,72.623784,-0.000297,0.000341
h500_i0_raan0_el10,2026-01-02 07:11:03.836,73.347725,-0.000215,-0.000282
h500_i0_raan0_el10,2026-01-02 08:52:02.496,73.768619,0.000077,0.000013
h500_i0_raan0_el10,2026-01-02 10:33:01.942,73.798388,0.000152,-0.000225
h500_i0_raan0_el10,2026-01-02 12:14:02.134,73.419362,0.000119,0.000257
h500_i0_raan0_el10,2026-01-02 13:55:02.898,72.698866,0.000263,-0.000017
h500_i0_raan0_el10,2026-01-02 15:36:03.956,71.774883,0.000369,0.000232
h500_i0_raan0_el10,2026-01-02 17:17:04.973,70.818205,0.000155,-0.000638
h500_i0_raan0_el10,2026-01-02 18:58:05.616,69.990041,0.000249,-0.000092
h500_i0_raan0_el10,2026-01-02 20:39:05.618,69.409014,0.000698,0.000203
h500_i0_raan0_el10,2026-01-02 22:20:04.832,69.132964,0.000343,-0.000489
h500_i0_raan0_el10,2026-01-03 00:01:03.259,69.156977,-0.000026,-0.000580
h500_i0_raan0_el10,2026-01-03 01:42:01.051,69.425852,-0.000287,-0.000304
h500_i0_raan0_el10,2026-01-03 03:22:58.479,69.854355,0.000015,-0.000487
h500_i0_raan0_el10,2026-01-03 05:03:55.880,70.345546,0.000246,0.000380
h500_i0_raan0_el10,2026-01-03 06:44:53.591,70.800471,0.000155,-0.000209
h500_i0_raan0_el10,2026-01-03 08:25:51.888,71.120833,-0.000186,0.000362
h500_i0_raan0_el10,2026-01-03 10:06:50.938,71.214238,0.000258,-0.000529
h500_i0_raan0_el10,2026-01-03 11:47:50.775,71.012197,-0.000199,-0.000591
h500_i0_raan0_el10,2026-01-03 13:28:51.289,70.498880,-0.000274,0.000330
h500_i0_raan0_el10,2026-01-03 15:09:52.248,69.730614,-0.000125,0.000258
h500_i0_raan0_el10,2026-01-03 16:50:53.335,68.825774,0.000682,0.000179
h500_i0_raan0_el10,2026-01-03 18:31:54.207,67.927670,0.000215,-0.000094
h500_i0_raan0_el10,2026-01-03 20:12:54.554,67.162348,-0.000145,0.000213
h500_i0_raan0_el10,2026-01-03 21:53:54.164,66.610899,-0.000144,-0.000036
h500_i0_raan0_el10,2026-01-03 23:34:52.965,66.302673,0.000551,-0.000030
h500_i0_raan0_el10,2026-01-04 01:15:51.041,66.224021,0.000456,0.000291
h500_i0_raan0_el10,2026-01-04 02:56:48.611,66.331190,-0.000334,-0.000150
h500_i0_raan0_el10,2026-01-04 04:37:45.984,66.558738,0.000051,0.000180
h500_i0_raan0_el10,2026-01-04 06:18:43.504,66.825109,0.000114,0.000322
h500_i0_raan0_el10,2026-01-04 07:59:41.482,67.042239,0.000436,-0.000563
h500_i0_raan0_el10,2026-01-04 09:40:40.145,67.128850,0.000521,-0.000633
h500_i0_raan0_el10,2026-01-04 11:21:39.596,67.022447,0.000426,-0.000568
h500_i0_raan0_el10,2026-01-04 13:02:39.797,66.691675,-0.000200,-0.000603
h500_i0_raan0_el10,2026-01-04 14:43:40.572,66.150806,-0.000131,-0.000363
h500_i0_raan0_el10,2026-01-04 16:24:41.639,65.466116,0.000155,0.000291
h500_i0_raan0_el10,2026-01-04 18:05:42.658,64.742928,0.000119,0.000043
h500_i0_raan0_el10,2026-01-04 19:46:43.293,64.098126,0.000568,0.000020
h500_i0_raan0_el10,2026-01-04 21:27:43.281,63.634736,-0.000167,-0.000240
h500_i0_raan0_el10,2026-01-04 23:08:42.478,63.429215,0.000363,-0.000358
h500_i0_raan0_el10,2026-01-05 00:49:40.895,63.723955,0.000207,-0.000295
h500_i0_raan0_el10,2026-01-05 02:30:38.687,64.687542,0.000251,-0.000023
h500_i0_raan0_el10,2026-01-05 04:11:36.124,65.720901,0.000459,-0.000061
h500_i0_raan0_el10,2026-01-05 05:52:33.538,66.600548,0.000183,0.000003
h500_i0_raan0_el10,2026-01-05 07:33:31.260,67.154497,0.000206,-0.000350
h500_i0_raan0_el10,2026-01-05 09:14:29.564,67.302908,0.000427,-0.000040
h500_i0_raan0_el10,2026-01-05 10:55:28.619,67.065080,0.000641,-0.000066
h500_i0_raan0_el10,2026-01-05 12:36:28.459,66.539403,0.000589,-0.000111
h500_i0_raan0_el10,2026-01-05 14:17:28.975,65.871611,0.000266,-0.000421
h500_i0_raan0_el10,2026-01-05 15:58:29.932,65.225224,-0.000243,-0.000274
h500_i0_raan0_el10,2026-01-05 17:39:31.009,64.759968,0.000461,0.000335
h500_i0_raan0_el10,2026-01-05 19:20:31.863,64.614360,0.000121,-0.000010
h500_i0_raan0_el10,2026-01-05 21:01:32.188,64.884770,0.000438,-0.000383
h500_i0_raan0_el10,2026-01-05 22:42:31.781,65.598914,0.000547,-0.000547
h500_i0_raan0_el10,2026-01-06 00:23:30.578,66.692811,0.000039,-0.000433
h500_i0_raan0_el10,2026-01-06 02:04:28.663,68.007602,0.000201,-0.000292
h500_i0_raan0_el10,2026-01-06 03:45:26.253,69.318604,-0.000198,0.000171
h500_i0_raan0_el10,2026-01-06 05:26:23.650,70.392706,0.000537,0.000111
h500_i0_raan0_el10,2026-01-06 07:07:21.192,71.051957,-0.000120,-0.000248
h500_i0_raan0_el10,2026-01-06 08:48:19.184,71.216955,0.000530,-0.000529
h500_i0_raan0_el10,2026-01-06 10:29:17.854,70.917143,0.000626,-0.000363
h500_i0_raan0_el10,2026-01-06 12:10:17.306,70.272784,0.000125,0.000330
h500_i0_raan0_el10,2026-01-06 13:51:17.500,69.461450,0.000694,0.000074
h500_i0_raan0_el10,2026-01-06 15:32:18.262,68.680882,0.000136,0.000052
h500_i0_raan0_el10,2026-01-06 17:13:19.307,68.115892,-0.000076,-0.000318
h500_i0_raan0_el10,2026-01-06 18:54:20.297,67.911751,-0.000277,-0.000237
h500_i0_raan0_el10,2026-01-06 20:35:20.903,68.151869,-0.000053,-0.000215
h500_i0_raan0_el10,2026-01-06 22:16:20.870,68.837546,0.000294,-0.000022
h500_i0_raan0_el10,2026-01-06 23:57:20.065,69.874335,-0.000012,-0.000339
h500_i0_raan0_el10,2026-01-07 01:38:18.498,71.078482,0.000165,-0.000338
h500_i0_raan0_el10,2026-01-07 03:19:16.321,72.216727,-0.000061,0.000075
h500_i0_raan0_el10,2026-01-07 05:00:13.794,73.074182,0.000192,0.000091
h500_i0_raan0_el10,2026-01-07 06:41:11.240,73.517332,0.000186,0.000220
h500_i0_raan0_el10,2026-01-07 08:22:08.985,73.515676,0.000028,-0.000384
h500_i0_raan0_el10,2026-01-07 10:03:07.300,73.122290,0.000643,-0.000197
h500_i0_raan0_el10,2026-01-07 11:44:06.356,72.445594,-0.000090,-0.000547
h500_i0_raan0_el10,2026-01-07 13:25:06.184,71.630588,0.000502,0.000053
h500_i0_raan0_el10,2026-01-07 15:06:06.677,70.841592,-0.000143,-0.000273
h500_i0_raan0_el10,2026-01-07 16:47:07.599,70.237598,-0.000062,-0.000028
h500_i0_raan0_el10,2026-01-07 18:28:08.635,69.942548,0.000645,-0.000221
h500_i0_raan0_el10,2026-01-07 20:09:09.451,70.016640,-0.000246,-0.000474
h500_i0_raan0_el10,2026-01-07 21:50:09.751,70.433973,0.000116,0.000315
h500_i0_raan0_el10,2026-01-07 23:31:09.341,71.075537,0.000410,-0.000023
h500_i0_raan0_el10,2026-01-08 01:12:08.159,71.753173,0.000158,0.000293
h500_i0_raan0_el5,2026-01-01 00:52:25.410,68.259870,0.000173,0.000091
h500_i0_raan0_el5,2026-01-01 02:33:22.853,69.346195,0.000463,0.000201
h500_i0_raan0_el5,2026-01-01 04:14:20.188,70.489784,0.000329,-0.000087
h500_i0_raan0_el5,2026-01-01 05:55:17.767,71.512815,-0.000284,0.000338
h500_i0_raan0_el5,2026-01-01 07:36:15.892,72.250560,-0.000125,0.000328
h500_i0_raan0_el5,2026-01-01 09:17:14.764,72.591124,-0.000151,0.000361
h500_i0_raan0_el5,2026-01-01 10:58:14.446,72.505698,-0.000262,-0.000516
h500_i0_raan0_el5,2026-01-01 12:39:14.854,72.053604,0.000604,-0.000445
h500_i0_raan0_el5,2026-01-01 14:20:15.777,71.360500,-0.000231,0.000352
h500_i0_raan0_el5,2026-01-01 16:01:16.905,70.585349,-0.000319,0.000015
h500_i0_raan0_el5,2026-01-01 17:42:17.890,69.890509,0.000181,-0.000441
h500_i0_raan0_el5,2026-01-01 19:23:18.407,69.417162,-0.000079,0.000178
h500_i0_raan0_el5,2026-01-01 21:04:18.212,69.264060,-0.000159,0.000013
h500_i0_raan0_el5,2026-01-01 22:45:17.194,69.471347,-0.000212,0.000137
h500_i0_raan0_el5,2026-01-02 00:26:15.397,70.014114,0.000396,-0.000166
h500_i0_raan0_el5,2026-01-02 02:07:13.015,70.808381,0.000407,0.000138
h500_i0_raan0_el5,2026-01-02 03:48:10.350,71.727601,0.000436,-0.000026
h500_i0_raan0_el5,2026-01-02 05:29:07.755,72.623784,0.000318,0.000063
h500_i0_raan0_el5,2026-01-02 07:10:05.566,73.347725,-0.000157,-0.000514
h500_i0_raan0_el5,2026-01-02 08:51:04.040,73.768619,-0.000140,0.000319
h500_i0_raan0_el5,2026-01-02 10:32:03.313,73.798388,0.000080,-0.000221
h500_i0_raan0_el5,2026-01-02 12:13:03.377,73.419362,-0.000110,-0.000588
h500_i0_raan0_el5,2026-01-02 13:54:04.081,72.698866,-0.000287,-0.000478
h500_i0_raan0_el5,2026-01-02 15:35:05.157,71.774883,0.000489,-0.000234
h500_i0_raan0_el5,2026-01-02 17:16:06.269,70.818205,0.000143,0.000335
h500_i0_raan0_el5,2026-01-02 18:57:07.067,69.990041,-0.000162,-0.000136
h500_i0_raan0_el5,2026-01-02 20:38:07.256,69.409014,0.000046,-0.000350
h500_i0_raan0_el5,2026-01-02 22:19:06.654,69.132964,0.000395,-0.000482
h500_i0_raan0_el5,2026-01-03 00:00:05.229,69.156977,0.000028,-0.000264
h500_i0_raan0_el5,2026-01-03 01:41:03.104,69.425852,-0.000167,-0.000484
h500_i0_raan0_el5,2026-01-03 03:22:00.534,69.854355,0.000267,-0.000358
h500_i0_raan0_el5,2026-01-03 05:02:57.856,70.345546,0.000339,-0.000433
h500_i0_raan0_el5,2026-01-03 06:43:55.422,70.800471,-0.000111,0.000115
h500_i0_raan0_el5,2026-01-03 08:24:53.534,71.120833,0.000232,0.000265
h500_i0_raan0_el5,2026-01-03 10:05:52.395,71.214238,0.000183,-0.000185
h500_i0_raan0_el5,2026-01-03 11:46:52.071,71.012197,0.000348,-0.000241
h500_i0_raan0_el5,2026-01-03 13:27:52.483,70.498880,-0.000230,0.000292
h500_i0_raan0_el5,2026-01-03 15:08:53.416,69.730614,-0.000026,-0.000335
h500_i0_raan0_el5,2026-01-03 16:49:54.560,68.825774,-0.000226,-0.000051
h500_i0_raan0_el5,2026-01-03 18:30:55.560,67.927670,0.000280,-0.000532
h500_i0_raan0_el5,2026-01-03 20:11:56.086,67.162348,0.000210,0.000174
h500_i0_raan0_el5,2026-01-03 21:52:55.893,66.610899,0.000180,-0.000448
h500_i0_raan0_el5,2026-01-03 23:33:54.872,66.302673,0.000445,-0.000415
h500_i0_raan0_el5,2026-01-04 01:14:53.072,66.224021,0.000596,-0.000057
h500_i0_raan0_el5,2026-01-04 02:55:50.689,66.331190,-0.000143,-0.000480
h500_i0_raan0_el5,2026-01-04 04:36:48.023,66.558738,0.000417,0.000370
h500_i0_raan0_el5,2026-01-04 06:17:45.427,66.825109,-0.000366,-0.000484
h500_i0_raan0_el5,2026-01-04 07:58:43.232,67.042239,0.000396,0.000177
h500_i0_raan0_el5,2026-01-04 09:39:41.699,67.128850,0.000046,-0.000383
h500_i0_raan0_el5,2026-01-04 11:20:40.965,67.022447,0.000153,-0.000395
h500_i0_raan0_el5,2026-01-04 13:01:41.025,66.691675,0.000384,0.000070
h500_i0_raan0_el5,2026-01-04 14:42:41.730,66.150806,0.000312,0.000109
h500_i0_raan0_el5,2026-01-04 16:23:42.811,65.466116,-0.000085,-0.000538
h500_i0_raan0_el5,2026-01-04 18:04:43.925,64.742928,0.000569,0.000017
h500_i0_raan0_el5,2026-01-04 19:45:44.723,64.098126,-0.000075,-0.000010
h500_i0_raan0_el5,2026-01-04 21:26:44.909,63.634736,0.000000,-0.000195
h500_i0_raan0_el5,2026-01-04 23:07:44.305,63.429215,-0.000075,-0.000521
h500_i0_raan0_el5,2026-01-05 00:48:42.882,63.723955,-0.000249,-0.000272
h500_i0_raan0_el5,2026-01-05 02:29:40.765,64.687542,-0.000371,0.000448
h500_i0_raan0_el5,2026-01-05 04:10:38.206,65.720901,0.000602,0.000269
h500_i0_raan0_el5,2026-01-05 05:51:35.539,66.600548,-0.000099,0.000237
h500_i0_raan0_el5,2026-01-05 07:32:33.109,67.154497,0.000371,0.000088
h500_i0_raan0_el5,2026-01-05 09:13:31.220,67.302908,0.000167,-0.000107
h500_i0_raan0_el5,2026-01-05 10:54:30.075,67.065080,0.000106,-0.000140
h500_i0_raan0_el5,2026-01-05 12:35:29.744,66.539403,-0.000289,-0.000269
h500_i0_raan0_el5,2026-01-05 14:16:30.148,65.871611,-0.000229,0.000100
h500_i0_raan0_el5,2026-01-05 15:57:31.073,65.225224,0.000318,0.000095
h500_i0_raan0_el5,2026-01-05 17:38:32.208,64.759968,-0.000258,0.000066
h500_i0_raan0_el5,2026-01-05 19:19:33.197,64.614360,-0.000029,0.000006
h500_i0_raan0_el5,2026-01-05 21:00:33.712,64.884770,0.000483,-0.000109
h500_i0_raan0_el5,2026-01-05 22:41:33.515,65.598914,-0.000043,-0.000411
h500_i0_raan0_el5,2026-01-06 00:22:32.500,66.692811,-0.000255,0.000263
h500_i0_raan0_el5,2026-01-06 02:03:30.716,68.007602,0.000036,-0.000235
h500_i0_raan0_el5,2026-01-06 03:44:28.355,69.318604,-0.000034,-0.000016
h500_i0_raan0_el5,2026-01-06 05:25:25.712,70.392706,-0.000189,-0.000542
h500_i0_raan0_el5,2026-01-06 07:06:23.131,71.051957,-0.000186,-0.000483
h500_i0_raan0_el5,2026-01-06 08:47:20.943,71.216955,-0.000156,0.000354
h500_i0_raan0_el5,2026-01-06 10:28:19.407,70.917143,-0.000123,-0.000398
h500_i0_raan0_el5,2026-01-06 12:09:18.664,70.272784,-0.000242,-0.000508
h500_i0_raan0_el5,2026-01-06 13:50:18.710,69.461450,0.000081,-0.000607
h500_i0_raan0_el5,2026-01-06 15:31:19.397,68.680882,0.000020,0.000247
h500_i0_raan0_el5,2026-01-06 17:12:20.456,68.115892,-0.000046,0.000248
h500_i0_raan0_el5,2026-01-06 18:53:21.547,67.911751,0.000548,0.000284
h500_i0_raan0_el5,2026-01-06 20:34:22.325,68.151869,0.000537,-0.000308
h500_i0_raan0_el5,2026-01-06 22:15:22.503,68.837546,-0.000329,-0.000511
h500_i0_raan0_el5,2026-01-06 23:56:21.905,69.874335,0.000081,0.000423
h500_i0_raan0_el5,2026-01-07 01:37:20.504,71.078482,0.000001,-0.000536
h500_i0_raan0_el5,2026-01-07 03:18:18.419,72.216727,0.000274,0.000250
h500_i0_raan0_el5,2026-01-07 04:59:15.895,73.074182,0.000189,0.000235
h500_i0_raan0_el5,2026-01-07 06:40:13.255,73.517332,-0.000197,-0.000139
h500_i0_raan0_el5,2026-01-07 08:21:10.841,73.515676,-0.000072,-0.000532
h500_i0_raan0_el5,2026-01-07 10:02:08.955,73.122290,-0.000299,-0.000496
h500_i0_raan0_el5,2026-01-07 11:43:07.801,72.445594,0.000198,-0.000485
h500_i0_raan0_el5,2026-01-07 13:24:07.451,71.630588,0.000515,0.000084
h500_i0_raan0_el5,2026-01-07 15:05:07.829,70.841592,-0.000231,0.000131
h500_i0_raan0_el5,2026-01-07 16:46:08.721,70.237598,0.000030,-0.000393
h500_i0_raan0_el5,2026-01-07 18:27:09.820,69.942548,0.000293,-0.000294
h500_i0_raan0_el5,2026-01-07 20:08:10.780,70.016640,-0.000081,-0.000110
h500_i0_raan0_el5,2026-01-07 21:49:11.280,70.433973,0.000105,0.000033
h500_i0_raan0_el5,2026-01-07 23:30:11.087,71.075537,0.000528,0.000221
h500_i0_raan0_el5,2026-01-08 01:11:10.098,71.753173,0.000031,-0.000319
h500_i45_raan0_el10,2026-01-01 09:21:29.934,19.363114,0.002288,0.000189
h500_i45_raan0_el10,2026-01-01 11:00:02.222,23.860205,0.001129,0.002052
h500_i45_raan0_el10,2026-01-01 21:08:32.697,24.860675,-0.001248,-0.000281
h500_i45_raan0_el10,2026-01-01 22:47:57.097,17.622977,-0.000319,-0.001780
h500_i45_raan0_el10,2026-01-02 08:57:16.535,19.902960,0.002401,0.000637
h500_i45_raan0_el10,2026-01-02 10:35:53.728,23.267348,0.000393,0.002125
h500_i45_raan0_el10,2026-01-02 20:44:20.208,25.468107,-0.001952,-0.000853
h500_i45_raan0_el10,2026-01-02 22:23:49.988,17.166049,-0.000203,-0.002179
h500_i45_raan0_el10,2026-01-03 08:33:03.260,20.436504,0.002149,0.000591
h500_i45_raan0_el10,2026-01-03 10:11:45.337,22.647601,0.000816,0.002150
h500_i45_raan0_el10,2026-01-03 20:20:07.759,26.230533,-0.002450,-0.000362
h500_i45_raan0_el10,2026-01-03 21:59:42.990,16.737321,-0.000792,-0.002531
h500_i45_raan0_el10,2026-01-04 08:08:50.104,20.953961,0.001605,0.000308
h500_i45_raan0_el10,2026-01-04 09:47:37.056,22.015878,0.000074,0.001848
h500_i45_raan0_el10,2026-01-04 19:55:55.348,27.067887,-0.002311,-0.001041
h500_i45_raan0_el10,2026-01-04 21:35:36.109,16.308482,-0.001013,-0.002796
h500_i45_raan0_el10,2026-01-05 07:44:37.062,21.457499,0.001012,-0.000358
h500_i45_raan0_el10,2026-01-05 09:23:28.888,21.403027,-0.000030,0.001825
h500_i45_raan0_el10,2026-01-05 19:31:42.975,27.894037,-0.002773,-0.001286
h500_i45_raan0_el10,2026-01-05 21:11:29.354,15.877187,-0.001391,-0.003352
h500_i45_raan0_el10,2026-01-06 07:20:24.129,21.993974,0.000788,-0.000850
h500_i45_raan0_el10,2026-01-06 08:59:20.839,20.890503,-0.000561,0.001403
h500_i45_raan0_el10,2026-01-06 19:07:30.639,28.672164,-0.003933,-0.002803
h500_i45_raan0_el10,2026-01-06 20:47:22.735,15.447217,-0.001834,-0.004247
h500_i45_raan0_el10,2026-01-07 06:56:11.301,22.619081,0.000504,-0.001940
h500_i45_raan0_el10,2026-01-07 08:35:12.914,20.375762,-0.001458,0.000587
h500_i45_raan0_el10,2026-01-07 18:43:18.338,29.394887,-0.004530,-0.003384
h500_i45_raan0_el10,2026-01-07 20:23:16.264,15.026483,-0.002275,-0.004483
h500_i45_raan0_el5,2026-01-01 09:20:16.932,19.363114,0.002597,0.000689
h500_i45_raan0_el5,2026-01-01 10:58:54.965,23.860205,0.001137,0.002557
h500_i45_raan0_el5,2026-01-01 21:07:26.764,24.860675,-0.001243,-0.001080
h500_i45_raan0_el5,2026-01-01 22:46:41.571,17.622977,-0.000646,-0.001410
h500_i45_raan0_el5,2026-01-02 08:56:04.413,19.902960,0.002203,0.001086
h500_i45_raan0_el5,2026-01-02 10:34:45.893,23.267348,0.001237,0.001808
h500_i45_raan0_el5,2026-01-02 20:43:14.784,25.468107,-0.002163,-0.000945
h500_i45_raan0_el5,2026-01-02 22:22:33.322,17.166049,-0.000689,-0.002156
h500_i45_raan0_el5,2026-01-03 08:31:51.972,20.436504,0.001862,0.000580
h500_i45_raan0_el5,2026-01-03 10:10:36.897,22.647601,0.000233,0.002424
h500_i45_raan0_el5,2026-01-03 20:19:02.817,26.230533,-0.001448,-0.000865
h500_i45_raan0_el5,2026-01-03 21:58:25.111,16.737321,-0.000950,-0.002130
h500_i45_raan0_el5,2026-01-04 08:07:39.608,20.953961,0.001133,0.000576
h500_i45_raan0_el5,2026-01-04 09:46:27.977,22.015878,0.000361,0.002158
h500_i45_raan0_el5,2026-01-04 19:54:50.866,27.067887,-0.002354,-0.001054
h500_i45_raan0_el5,2026-01-04 21:34:16.938,16.308482,-0.000789,-0.002509
h500_i45_raan0_el5,2026-01-05 07:43:27.318,21.457499,0.001382,-0.000509
h500_i45_raan0_el5,2026-01-05 09:22:19.137,21.403027,-0.000250,0.000973
h500_i45_raan0_el5,2026-01-05 19:30:38.929,27.894037,-0.002843,-0.001971
h500_i45_raan0_el5,2026-01-05 21:10:08.805,15.877187,-0.001206,-0.002842
h500_i45_raan0_el5,2026-01-06 07:19:15.102,21.993974,0.000763,-0.001142
h500_i45_raan0_el5,2026-01-06 08:58:10.378,20.890503,-0.000738,0.000861
h500_i45_raan0_el5,2026-01-06 19:06:27.007,28.672164,-0.003744,-0.002107
h500_i45_raan0_el5,2026-01-06 20:46:00.713,15.447217,-0.001846,-0.004089
h500_i45_raan0_el5,2026-01-07 06:55:02.957,22.619081,0.000236,-0.001824
h500_i45_raan0_el5,2026-01-07 08:34:01.702,20.375762,-0.001373,-0.000116
h500_i45_raan0_el5,2026-01-07 18:42:15.099,29.394887,-0.003719,-0.003242
h500_i45_raan0_el5,2026-01-07 20:21:52.664,15.026483,-0.002983,-0.004596
h500_i51p6_raan0_el10,2026-01-01 09:22:19.155,16.952211,0.002580,0.000072
h500_i51p6_raan0_el10,2026-01-01 11:00:09.498,21.187449,0.000928,0.002837
h500_i51p6_raan0_el10,2026-01-01 21:09:33.466,20.355469,-0.001567,-0.000390
h500_i51p6_raan0_el10,2026-01-01 22:48:11.030,16.730675,0.000047,-0.002294
h500_i51p6_raan0_el10,2026-01-02 08:58:41.057,16.460143,0.003179,0.000002
h500_i51p6_raan0_el10,2026-01-02 10:36:24.775,21.734879,0.000916,0.002841
h500_i51p6_raan0_el10,2026-01-02 20:45:54.439,19.817384,-0.001969,-0.000402
h500_i51p6_raan0_el10,2026-01-02 22:24:25.424,17.255376,-0.000401,-0.001620
h500_i51p6_raan0_el10,2026-01-03 08:35:03.156,15.951443,0.002561,-0.000382
h500_i51p6_raan0_el10,2026-01-03 10:12:40.167,22.414986,0.000430,0.002539
h500_i51p6_raan0_el10,2026-01-03 20:22:15.514,19.285377,-0.001841,-0.000614
h500_i51p6_raan0_el10,2026-01-03 22:00:39.972,17.745375,-0.000894,-0.002624
h500_i51p6_raan0_el10,2026-01-04 08:11:25.468,15.513828,0.002259,-0.000045
h500_i51p6_raan0_el10,2026-01-04 09:48:55.669,23.117003,0.000089,0.001882
h500_i51p6_raan0_el10,2026-01-04 19:58:36.699,18.703403,-0.003142,-0.000647
h500_i51p6_raan0_el10,2026-01-04 21:36:54.663,18.246086,-0.001189,-0.002113
h500_i51p6_raan0_el10,2026-01-05 07:47:48.014,15.067694,0.001788,-0.001059
h500_i51p6_raan0_el10,2026-01-05 09:25:11.277,23.728371,-0.000107,0.001452
h500_i51p6_raan0_el10,2026-01-05 19:34:57.998,18.172886,-0.003162,-0.001877
h500_i51p6_raan0_el10,2026-01-05 21:13:09.488,18.836486,-0.001647,-0.003298
h500_i51p6_raan0_el10,2026-01-06 07:24:10.818,14.602067,0.001509,-0.001444
h500_i51p6_raan0_el10,2026-01-06 09:01:26.988,24.404607,-0.000838,0.001338
h500_i51p6_raan0_el10,2026-01-06 19:11:19.420,17.698442,-0.003368,-0.001578
h500_i51p6_raan0_el10,2026-01-06 20:49:24.439,19.389558,-0.002586,-0.003585
h500_i51p6_raan0_el10,2026-01-07 07:00:33.910,14.172032,0.000826,-0.002344
h500_i51p6_raan0_el10,2026-01-07 08:37:42.798,25.223672,-0.001493,0.000287
h500_i51p6_raan0_el10,2026-01-07 18:47:40.974,17.185459,-0.004232,-0.003052
h500_i51p6_raan0_el10,2026-01-07 20:25:39.508,19.902361,-0.003374,-0.004353
h500_i51p6_raan0_el5,2026-01-01 09:21:01.350,16.952211,0.001927,0.000752
h500_i51p6_raan0_el5,2026-01-01 10:58:59.731,21.187449,0.001401,0.002129
h500_i51p6_raan0_el5,2026-01-01 21:08:23.041,20.355469,-0.001842,-0.000624
h500_i51p6_raan0_el5,2026-01-01 22:46:53.618,16.730675,-0.000926,-0.001528
h500_i51p6_raan0_el5,2026-01-02 08:57:21.898,16.460143,0.001824,0.000581
h500_i51p6_raan0_el5,2026-01-02 10:35:15.796,21.734879,0.000708,0.002187
h500_i51p6_raan0_el5,2026-01-02 20:44:43.120,19.817384,-0.001955,-0.001205
h500_i51p6_raan0_el5,2026-01-02 22:23:09.291,17.255376,-0.000929,-0.002293
h500_i51p6_raan0_el5,2026-01-03 08:33:42.534,15.951443,0.002192,0.000164
h500_i51p6_raan0_el5,2026-01-03 10:11:31.932,22.414986,0.001299,0.002212
h500_i51p6_raan0_el5,2026-01-03 20:21:03.248,19.285377,-0.002222,-0.000963
h500_i51p6_raan0_el5,2026-01-03 21:59:25.031,17.745375,-0.001201,-0.002430
h500_i51p6_raan0_el5,2026-01-04 08:10:03.262,15.513828,0.002411,0.000608
h500_i51p6_raan0_el5,2026-01-04 09:47:48.140,23.117003,0.000867,0.001999
h500_i51p6_raan0_el5,2026-01-04 19:57:23.426,18.703403,-0.002137,-0.000886
h500_i51p6_raan0_el5,2026-01-04 21:35:40.835,18.246086,-0.001093,-0.002036
h500_i51p6_raan0_el5,2026-01-05 07:46:24.086,15.067694,0.001973,-0.000231
h500_i51p6_raan0_el5,2026-01-05 09:24:04.418,23.728371,0.000214,0.001243
h500_i51p6_raan0_el5,2026-01-05 19:33:43.657,18.172886,-0.003125,-0.002123
h500_i51p6_raan0_el5,2026-01-05 21:11:56.702,18.836486,-0.001778,-0.002452
h500_i51p6_raan0_el5,2026-01-06 07:22:45.009,14.602067,0.001521,-0.000771
h500_i51p6_raan0_el5,2026-01-06 09:00:20.764,24.404607,0.000063,0.000514
h500_i51p6_raan0_el5,2026-01-06 19:10:03.941,17.698442,-0.003524,-0.002016
h500_i51p6_raan0_el5,2026-01-06 20:48:12.629,19.389558,-0.002305,-0.003263
h500_i51p6_raan0_el5,2026-01-07 06:59:06.036,14.172032,0.000017,-0.001732
h500_i51p6_raan0_el5,2026-01-07 08:36:37.178,25.223672,-0.000793,0.000279
h500_i51p6_raan0_el5,2026-01-07 18:46:24.281,17.185459,-0.004540,-0.003025
h500_i51p6_raan0_el5,2026-01-07 20:24:28.615,19.902361,-0.003519,-0.004251
h800_i45_raan0_el10,2026-01-01 09:58:06.176,65.232950,0.001516,0.001782
h800_i45_raan0_el10,2026-01-01 11:46:23.896,14.876414,-0.000337,0.003376
h800_i45_raan0_el10,2026-01-01 20:49:59.377,25.132998,-0.002092,-0.000131
h800_i45_raan0_el10,2026-01-01 22:35:09.552,36.954602,-0.000943,-0.001683
h800_i45_raan0_el10,2026-01-02 09:26:49.066,54.538778,0.001976,0.001470
h800_i45_raan0_el10,2026-01-02 11:14:22.089,17.881236,-0.000461,0.003237
h800_i45_raan0_el10,2026-01-02 20:18:58.258,21.128057,-0.002742,0.000112
h800_i45_raan0_el10,2026-01-02 22:03:36.200,44.536668,-0.000662,-0.001064
h800_i45_raan0_el10,2026-01-03 08:55:34.481,45.219210,0.001240,0.000654
h800_i45_raan0_el10,2026-01-03 10:42:29.326,21.324704,0.000167,0.002261
h800_i45_raan0_el10,2026-01-03 19:48:02.621,17.684596,-0.002501,0.000330
h800_i45_raan0_el10,2026-01-03 21:32:05.801,53.486527,-0.000750,-0.001193
h800_i45_raan0_el10,2026-01-04 08:24:22.592,37.450199,0.001433,0.000129
h800_i45_raan0_el10,2026-01-04 10:10:42.849,25.374580,0.000574,0.001681
h800_i45_raan0_el10,2026-01-04 19:17:15.213,14.711855,-0.003889,0.000482
h800_i45_raan0_el10,2026-01-04 21:00:38.083,65.593656,-0.001681,-0.001944
h800_i45_raan0_el10,2026-01-05 07:53:13.685,31.371069,0.001583,-0.000270
h800_i45_raan0_el10,2026-01-05 09:39:01.228,30.202832,0.000142,0.001142
h800_i45_raan0_el10,2026-01-05 18:46:43.445,12.098639,-0.005373,0.000867
h800_i45_raan0_el10,2026-01-05 20:29:12.856,76.991093,-0.001864,-0.002014
h800_i45_raan0_el10,2026-01-06 07:22:08.216,26.265805,0.001222,-0.000376
h800_i45_raan0_el10,2026-01-06 09:07:23.604,35.963363,0.000012,0.000722
h800_i45_raan0_el10,2026-01-06 19:57:49.999,79.611899,-0.002632,-0.002424
h800_i45_raan0_el10,2026-01-06 21:47:58.748,10.650318,0.001818,-0.006788
h800_i45_raan0_el10,2026-01-07 06:51:06.927,22.009977,0.000208,-0.001485
h800_i45_raan0_el10,2026-01-07 08:35:49.418,43.271743,-0.000428,0.000116
h800_i45_raan0_el10,2026-01-07 19:26:29.446,71.749311,-0.003366,-0.003009
h800_i45_raan0_el10,2026-01-07 21:15:14.852,13.162705,-0.001635,-0.005065
h800_i45_raan0_el5,2026-01-01 08:15:19.997,6.643424,0.004787,-0.001862
h800_i45_raan0_el5,2026-01-01 09:56:58.832,65.232950,0.001785,0.001662
h800_i45_raan0_el5,2026-01-01 11:44:37.072,14.876414,0.000662,0.002444
h800_i45_raan0_el5,2026-01-01 20:48:39.276,25.132998,-0.002189,-0.000361
h800_i45_raan0_el5,2026-01-01 22:33:57.778,36.954602,-0.000768,-0.001344
h800_i45_raan0_el5,2026-01-02 09:25:40.715,54.538778,0.002036,0.001419
h800_i45_raan0_el5,2026-01-02 11:12:48.083,17.881236,0.000661,0.002645
h800_i45_raan0_el5,2026-01-02 20:17:32.197,21.128057,-0.002513,-0.000834
h800_i45_raan0_el5,2026-01-02 22:02:26.599,44.536668,-0.001340,-0.001456
h800_i45_raan0_el5,2026-01-03 08:54:24.589,45.219210,0.001927,0.001208
h800_i45_raan0_el5,2026-01-03 10:41:03.644,21.324704,0.000658,0.002259
h800_i45_raan0_el5,2026-01-03 19:46:28.043,17.684596,-0.002601,-0.000672
h800_i45_raan0_el5,2026-01-03 21:30:57.722,53.486527,-0.001094,-0.001490
h800_i45_raan0_el5,2026-01-04 08:23:10.526,37.450199,0.001755,0.000245
h800_i45_raan0_el5,2026-01-04 10:09:22.998,25.374580,0.000353,0.001539
h800_i45_raan0_el5,2026-01-04 19:15:27.469,14.711855,-0.003181,-0.000221
h800_i45_raan0_el5,2026-01-04 20:59:30.981,65.593656,-0.001620,-0.001893
h800_i45_raan0_el5,2026-01-04 22:49:56.102,6.359341,0.001826,-0.004609
h800_i45_raan0_el5,2026-01-05 07:51:58.649,31.371069,0.000981,0.000679
h800_i45_raan0_el5,2026-01-05 09:37:45.624,30.202832,0.000033,0.000894
h800_i45_raan0_el5,2026-01-05 18:44:31.559,12.098639,-0.003266,-0.001125
h800_i45_raan0_el5,2026-01-05 20:28:06.250,76.991093,-0.002558,-0.001849
h800_i45_raan0_el5,2026-01-05 22:17:25.071,8.396644,0.000192,-0.004092
h800_i45_raan0_el5,2026-01-06 07:20:49.146,26.265805,0.001044,-0.000727
h800_i45_raan0_el5,2026-01-06 09:06:11.146,35.963363,-0.000389,0.000369
h800_i45_raan0_el5,2026-01-06 18:13:42.312,9.768533,-0.004377,-0.000484
h800_i45_raan0_el5,2026-01-06 19:56:43.438,79.611899,-0.002979,-0.002406
h800_i45_raan0_el5,2026-01-06 21:45:15.282,10.650318,-0.001722,-0.003969
h800_i45_raan0_el5,2026-01-07 06:49:42.303,22.009977,0.000542,-0.001336
h800_i45_raan0_el5,2026-01-07 08:34:39.284,43.271743,-0.001225,-0.000008
h800_i45_raan0_el5,2026-01-07 17:43:04.193,7.676320,-0.006498,-0.001290
h800_i45_raan0_el5,2026-01-07 19:25:22.488,71.749311,-0.003965,-0.003281
h800_i45_raan0_el5,2026-01-07 21:13:16.247,13.162705,-0.002388,-0.004247
h600_iSSO_raan0_el10,2026-01-01 09:37:28.206,20.512843,0.001249,0.002147
h600_iSSO_raan0_el10,2026-01-01 11:13:31.955,14.902725,0.002431,0.001795
h600_iSSO_raan0_el10,2026-01-01 21:41:13.467,21.832382,-0.001229,-0.001723
h600_iSSO_raan0_el10,2026-01-01 23:17:40.400,13.582612,-0.001764,-0.001164
h600_iSSO_raan0_el10,2026-01-02 09:46:08.105,27.409311,0.001685,0.001533
h600_iSSO_raan0_el10,2026-01-02 11:23:57.943,10.818784,0.003538,0.000756
h600_iSSO_raan0_el10,2026-01-02 21:49:55.832,29.223246,-0.000795,-0.001368
h600_iSSO_raan0_el10,2026-01-03 09:54:56.657,37.092348,0.001254,0.002229
h600_iSSO_raan0_el10,2026-01-03 21:58:46.243,39.752277,-0.001414,-0.001681
h600_iSSO_raan0_el10,2026-01-04 10:03:51.838,51.401031,0.001733,0.002209
h600_iSSO_raan0_el10,2026-01-04 22:07:42.961,55.423843,-0.001190,-0.001004
h600_iSSO_raan0_el10,2026-01-05 10:12:52.652,72.083906,0.002052,0.001791
h600_iSSO_raan0_el10,2026-01-05 22:16:45.128,77.997081,-0.001239,-0.001235
h600_iSSO_raan0_el10,2026-01-06 10:21:58.637,79.323036,0.002337,0.001524
h600_iSSO_raan0_el10,2026-01-06 22:25:52.371,75.303713,-0.000607,-0.000748
h600_iSSO_raan0_el10,2026-01-07 10:31:09.702,57.668554,0.002518,0.002031
h600_iSSO_raan0_el10,2026-01-07 22:35:04.680,53.330813,-0.000430,-0.000984
h600_iSSO_raan0_el5,2026-01-01 09:36:15.725,20.512843,0.001020,0.001953
h600_iSSO_raan0_el5,2026-01-01 11:12:04.875,14.902725,0.002454,0.001656
h600_iSSO_raan0_el5,2026-01-01 21:40:03.118,21.832382,-0.001253,-0.001268
h600_iSSO_raan0_el5,2026-01-01 23:16:06.766,13.582612,-0.001339,-0.000855
h600_iSSO_raan0_el5,2026-01-02 09:45:02.685,27.409311,0.001486,0.001532
h600_iSSO_raan0_el5,2026-01-02 11:21:49.995,10.818784,0.002010,0.001435
h600_iSSO_raan0_el5,2026-01-02 21:48:51.760,29.223246,-0.001151,-0.000949
h600_iSSO_raan0_el5,2026-01-02 23:25:55.562,9.736288,-0.001505,-0.000858
h600_iSSO_raan0_el5,2026-01-03 09:53:55.436,37.092348,0.001490,0.002219
h600_iSSO_raan0_el5,2026-01-03 11:31:55.136,7.420551,0.002412,0.001038
h600_iSSO_raan0_el5,2026-01-03 21:57:45.916,39.752277,-0.001120,-0.001491
h600_iSSO_raan0_el5,2026-01-03 23:36:10.967,6.504624,-0.001100,-0.000185
h600_iSSO_raan0_el5,2026-01-04 10:02:53.094,51.401031,0.001233,0.001852
h600_iSSO_raan0_el5,2026-01-04 22:06:44.795,55.423843,-0.001537,-0.001583
h600_iSSO_raan0_el5,2026-01-05 10:11:55.152,72.083906,0.002271,0.002250
h600_iSSO_raan0_el5,2026-01-05 22:15:47.948,77.997081,-0.000569,-0.000784
h600_iSSO_raan0_el5,2026-01-06 10:21:01.355,79.323036,0.002520,0.001597
h600_iSSO_raan0_el5,2026-01-06 22:24:55.165,75.303713,-0.001016,-0.000527
h600_iSSO_raan0_el5,2026-01-07 10:30:11.641,57.668554,0.002484,0.002138
h600_iSSO_raan0_el5,2026-01-07 22:34:06.424,53.330813,-0.000909,-0.000953
