start,stop,duration_s
2026-01-01T09:21:29.936288,2026-01-01T09:27:10.609189,340.672901
2026-01-01T11:00:02.223129,2026-01-01T11:06:22.271052,380.047923
2026-01-01T21:08:32.695752,2026-01-01T21:14:52.316719,379.620967
2026-01-01T22:47:57.096681,2026-01-01T22:53:10.518220,313.421539
2026-01-02T08:57:16.537401,2026-01-02T09:03:02.683637,346.146236
2026-01-02T10:35:53.728393,2026-01-02T10:42:09.468125,375.739733
2026-01-02T20:44:20.206048,2026-01-02T20:50:43.942147,383.736099
2026-01-02T22:23:49.987797,2026-01-02T22:28:56.788821,306.801025
2026-01-03T08:33:03.262149,2026-01-03T08:38:54.634591,351.372442
2026-01-03T10:11:45.337816,2026-01-03T10:17:56.567150,371.229334
2026-01-03T20:20:07.756550,2026-01-03T20:26:35.513638,387.757088
2026-01-03T21:59:42.989208,2026-01-03T22:04:42.954469,299.965261
2026-01-04T08:08:50.105605,2026-01-04T08:14:46.469308,356.363703
2026-01-04T09:47:37.056074,2026-01-04T09:53:43.565848,366.509774
2026-01-04T19:55:55.345689,2026-01-04T20:02:27.030959,391.685271
2026-01-04T21:35:36.107987,2026-01-04T21:40:29.006204,292.898217
2026-01-05T07:44:37.063012,2026-01-05T07:50:38.194642,361.131630
2026-01-05T09:23:28.887970,2026-01-05T09:29:30.461825,361.573855
2026-01-05T19:31:42.972227,2026-01-05T19:38:18.493714,395.521487
2026-01-05T21:11:29.352609,2026-01-05T21:16:14.933648,285.581039
2026-01-06T07:20:24.129788,2026-01-06T07:26:29.817150,365.687361
2026-01-06T08:59:20.838439,2026-01-06T09:05:17.252403,356.413964
2026-01-06T19:07:30.635067,2026-01-06T19:14:09.901197,399.266129
2026-01-06T20:47:22.733166,2026-01-06T20:52:00.724753,277.991587
2026-01-07T06:56:11.301504,2026-01-07T07:02:21.343060,370.041557
2026-01-07T08:35:12.912542,2026-01-07T08:41:03.934587,351.022045
2026-01-07T18:43:18.333470,2026-01-07T18:50:01.252616,402.919146
2026-01-07T20:23:16.261725,2026-01-07T20:27:46.365517,270.103792
