case_id,passes_per_day,contact_min_per_day,mean_pass_min,max_pass_min,min_pass_min,longest_gap_h,n_passes_under_1min,n_boundary_passes
h500_i0_raan0_el10,14.142857,109.697463,7.745976,7.871060,7.613460,1.555952,0,1
h500_i0_raan0_el5,14.142857,137.363558,9.692341,9.826528,9.550106,1.523711,0,1
h500_i45_raan0_el10,4.000000,23.431479,5.857870,6.715319,4.501730,10.069605,0,0
h500_i45_raan0_el5,4.000000,32.884581,8.221145,8.815658,7.287690,10.027840,0,0
h500_i51p6_raan0_el10,4.000000,21.636620,5.409155,6.432696,4.214231,10.093381,0,0
h500_i51p6_raan0_el5,4.000000,31.550184,7.887546,8.624935,7.143004,10.049011,0,0
h800_i45_raan0_el10,4.000000,35.509382,8.877345,11.039404,2.414373,10.698675,0,0
h800_i45_raan0_el5,4.714286,50.804829,10.776782,13.283598,4.215126,10.653920,0,0
h600_iSSO_raan0_el10,2.428571,17.130633,7.053790,8.393003,2.140587,11.962449,0,0
h600_iSSO_raan0_el5,2.857143,24.663858,8.632350,10.302551,3.564232,11.917978,0,0
