nominal_altitude_km,inclination_deg,orbit_label,elevation_mask_deg,n_raan,mean_alt_km,min_alt_km,max_alt_km,mean_passes_per_day,min_passes_per_day,max_passes_per_day,mean_contact_min_per_day,min_contact_min_per_day,max_contact_min_per_day,mean_mean_pass_min,min_mean_pass_min,max_mean_pass_min,mean_max_pass_min,min_max_pass_min,max_max_pass_min,mean_longest_gap_h,min_longest_gap_h,max_longest_gap_h,total_passes_under_1min,total_boundary_passes
400,0.0000,0,10.0000,1,390.2580,380.5073,400.0000,14.5714,14.5714,14.5714,94.2136,94.2136,94.2136,6.4656,6.4656,6.4656,6.6017,6.6017,6.6017,1.5382,1.5382,1.5382,0,0
400,0.0000,0,5.0000,1,390.2580,380.5073,400.0000,14.5714,14.5714,14.5714,120.5848,120.5848,120.5848,8.2754,8.2754,8.2754,8.4227,8.4227,8.4227,1.5083,1.5083,1.5083,0,0
400,10.0000,10,10.0000,8,390.4046,380.7930,399.9994,14.5893,14.5714,14.7143,72.8509,72.0269,74.1571,4.9922,4.8991,5.0892,6.6178,6.6066,6.6264,1.6124,1.6084,1.6167,0,1
400,10.0000,10,5.0000,8,390.4046,380.7930,399.9994,14.5893,14.5714,14.7143,106.2070,105.6292,106.8476,7.2774,7.2261,7.3327,8.4308,8.4215,8.4384,1.5541,1.5526,1.5557,0,1
400,20.0000,20,10.0000,8,390.8271,381.6320,399.9991,6.0357,5.7143,6.2857,30.4494,29.6554,31.8399,5.0465,4.9426,5.2760,6.5883,6.5722,6.6012,9.7880,9.7869,9.7896,3,0
400,20.0000,20,5.0000,8,390.8271,381.6320,399.9991,8.2679,8.0000,8.4286,51.6856,50.2998,53.5443,6.2514,6.1528,6.3527,8.3951,8.3793,8.4078,8.1400,8.1377,8.1413,6,0
400,45.0000,45,10.0000,8,392.6928,386.0305,399.9991,2.8214,2.5714,3.0000,14.1743,13.6782,14.9291,5.0340,4.6326,5.3928,6.4664,6.4110,6.4951,11.4541,11.4397,11.4608,2,0
400,45.0000,45,5.0000,8,392.6928,386.0305,399.9991,3.6250,3.2857,3.8571,23.2133,22.4157,24.0309,6.4194,5.9273,6.8222,8.2476,8.2034,8.2715,11.4074,11.4042,11.4091,3,0
400,51.6000,51.6,10.0000,8,393.2500,387.7527,399.9997,2.5179,2.2857,2.8571,12.7256,12.1176,13.3263,5.0695,4.6436,5.3230,6.3847,6.2841,6.4550,11.4729,11.4610,11.4888,0,0
400,51.6000,51.6,5.0000,8,393.2500,387.7527,399.9997,3.2679,3.0000,3.5714,20.8849,19.5518,22.3736,6.4002,6.1550,6.6699,8.1665,8.0895,8.2211,11.4184,11.4150,11.4223,2,0
400,97.0300,SSO,10.0000,8,395.0630,391.4048,400.0000,2.1250,2.0000,2.2857,10.1612,10.0706,10.3176,4.7930,4.4766,5.0452,6.1252,6.0938,6.1423,13.0261,13.0058,13.0316,3,0
400,97.0300,SSO,5.0000,8,395.0630,391.4048,400.0000,2.6786,2.5714,2.8571,16.5117,16.3730,16.7163,6.1742,5.8368,6.3900,7.8102,7.7862,7.8236,11.4805,11.4731,11.4881,1,0
500,0.0000,0,10.0000,1,490.4253,480.7907,500.0000,14.1429,14.1429,14.1429,109.6975,109.6975,109.6975,7.7460,7.7460,7.7460,7.8711,7.8711,7.8711,1.5560,1.5560,1.5560,0,1
500,0.0000,0,5.0000,1,490.4253,480.7907,500.0000,14.1429,14.1429,14.1429,137.3636,137.3636,137.3636,9.6923,9.6923,9.6923,9.8265,9.8265,9.8265,1.5237,1.5237,1.5237,0,1
500,10.0000,10,10.0000,8,490.5693,481.0725,500.0000,14.2500,14.1429,14.2857,93.9437,92.9371,95.0968,6.5923,6.5252,6.6568,7.8607,7.8161,7.8905,1.6092,1.6078,1.6111,0,1
500,10.0000,10,5.0000,8,490.5693,481.0725,500.0000,14.2500,14.1429,14.2857,125.9424,124.9449,126.8828,8.8364,8.7902,8.8818,9.8124,9.7711,9.8379,1.5622,1.5613,1.5635,0,1
500,20.0000,20,10.0000,8,490.9843,481.8992,499.9998,7.1250,6.8571,7.4286,42.4432,41.2874,44.0165,5.9583,5.8118,6.1033,7.8058,7.7412,7.8634,8.3525,8.3451,8.3587,5,0
500,20.0000,20,5.0000,8,490.9843,481.8992,499.9998,9.8393,9.5714,10.1429,70.6658,69.0020,72.1048,7.1828,7.0449,7.3150,9.7490,9.6751,9.8044,6.6600,6.6582,6.6631,6,0
500,45.0000,45,10.0000,8,492.8162,486.2952,499.9998,3.2143,2.0000,4.1429,19.2350,15.1741,23.4315,6.2097,5.0958,7.6286,7.3785,6.7153,7.7256,10.8815,10.0696,11.6864,2,0
500,45.0000,45,5.0000,8,492.8162,486.2952,499.9998,4.0179,3.8571,4.1429,30.1909,24.4330,33.0148,7.5029,6.3345,8.2211,9.3494,8.8156,9.6342,10.4396,10.0278,11.6486,1,0
500,51.6000,51.6,10.0000,8,493.3628,487.9816,499.9999,2.8750,2.0000,4.1429,17.3825,14.5158,21.6366,6.3707,5.0117,7.5854,7.2206,6.4327,7.6780,11.2936,10.0934,11.6995,0,0
500,51.6000,51.6,5.0000,8,493.3628,487.9816,499.9999,3.6607,2.4286,4.1429,27.1859,19.6036,32.1672,7.4612,6.6381,8.0721,9.2088,8.6249,9.5744,10.6578,10.0490,11.6561,2,0
500,97.4020,SSO,10.0000,8,495.1343,491.5820,500.0000,2.4286,2.1429,2.5714,13.7523,12.8872,14.5292,5.6898,5.3065,6.3612,7.2701,7.2177,7.3022,11.7402,11.7264,11.7489,3,0
500,97.4020,SSO,5.0000,8,495.1343,491.5820,500.0000,3.0000,2.7143,3.1429,21.4829,20.4696,22.2778,7.1671,7.0353,7.5414,9.0773,9.0212,9.1054,11.6884,11.6843,11.6929,1,0
600,0.0000,0,10.0000,1,590.5510,581.0660,600.0000,13.8571,13.8571,13.8571,124.6485,124.6485,124.6485,8.9644,8.9644,8.9644,9.0826,9.0826,9.0826,1.5752,1.5752,1.5752,0,1
600,0.0000,0,5.0000,1,590.5510,581.0660,600.0000,13.8571,13.8571,13.8571,153.4121,153.4121,153.4121,11.0295,11.0295,11.0295,11.1558,11.1558,11.1558,1.5409,1.5409,1.5409,0,1
600,10.0000,10,10.0000,8,590.6932,581.3432,599.9998,13.9286,13.8571,14.0000,110.9675,110.4101,111.4897,7.9664,7.9122,8.0149,9.0916,9.0808,9.0984,1.6207,1.6190,1.6221,0,2
600,10.0000,10,5.0000,8,590.6932,581.3432,599.9998,13.9286,13.8571,14.0000,142.9290,142.3768,143.6252,10.2609,10.2211,10.2972,11.1576,11.1477,11.1640,1.5757,1.5745,1.5767,0,2
600,20.0000,20,10.0000,8,591.1028,582.1595,599.9998,8.2143,8.0000,8.4286,55.6309,54.0641,56.9655,6.7728,6.6962,6.8399,9.0525,9.0408,9.0669,8.5139,8.5131,8.5145,7,0
600,20.0000,20,5.0000,8,591.1028,582.1595,599.9998,11.8929,11.7143,12.0000,94.1752,92.2532,95.7316,7.9139,7.8338,8.0737,11.1124,11.1021,11.1255,5.1105,5.1034,5.1170,1,2
600,45.0000,45,10.0000,8,592.9125,586.5413,599.9999,3.6071,3.1429,3.8571,24.7111,23.4937,26.1019,6.8788,6.2392,7.4753,8.8774,8.8375,8.8975,11.1181,10.2979,11.9320,2,0
600,45.0000,45,5.0000,8,592.9125,586.5413,599.9999,4.4464,4.0000,4.8571,37.7185,36.2880,39.4294,8.5229,7.8001,9.1319,10.9058,10.8742,10.9205,10.2407,10.2344,10.2477,1,0
600,51.6000,51.6,10.0000,8,593.4525,588.1960,600.0000,3.2143,3.0000,3.4286,22.2343,21.6003,23.3636,6.9211,6.8144,7.2316,8.8286,8.7837,8.8529,11.9375,11.9361,11.9390,0,0
600,51.6000,51.6,5.0000,8,593.4525,588.1960,600.0000,3.9643,3.8571,4.0000,33.7293,32.4948,34.8106,8.5081,8.3088,8.7026,10.8439,10.8081,10.8637,10.2848,10.2746,10.2933,2,0
600,97.7880,SSO,10.0000,8,595.1910,591.7417,599.9999,2.6429,2.0000,3.1429,17.4640,15.3885,18.3259,6.7032,5.8049,7.6943,8.3366,8.1804,8.3998,11.9589,11.9549,11.9624,1,0
600,97.7880,SSO,5.0000,8,595.1910,591.7417,599.9999,3.2500,2.8571,3.7143,26.4919,23.3534,29.3162,8.1753,7.7845,8.6324,10.2561,10.1310,10.3090,11.9127,11.8955,11.9194,0,0
700,0.0000,0,10.0000,1,690.6679,681.3335,700.0000,13.5714,13.5714,13.5714,138.3154,138.3154,138.3154,10.1396,10.1396,10.1396,10.2531,10.2531,10.2531,1.5955,1.5955,1.5955,0,1
700,0.0000,0,5.0000,1,690.6679,681.3335,700.0000,13.5714,13.5714,13.5714,167.9545,167.9545,167.9545,12.3121,12.3121,12.3121,12.4327,12.4327,12.4327,1.5595,1.5595,1.5595,0,1
700,10.0000,10,10.0000,8,690.8084,681.6068,699.9998,13.6071,13.5714,13.7143,125.8238,125.3603,126.4696,9.2407,9.1948,9.2863,10.2589,10.2492,10.2636,1.6361,1.6349,1.6374,0,2
700,10.0000,10,5.0000,8,690.8084,681.6068,699.9998,13.6071,13.5714,13.7143,157.9821,157.4447,158.7774,11.6041,11.5691,11.6394,12.4321,12.4248,12.4365,1.5914,1.5906,1.5924,0,2
700,20.0000,20,10.0000,8,691.2132,682.4146,699.9993,9.3571,9.0000,9.7143,70.3763,68.8185,72.5300,7.5191,7.4130,7.6923,10.2147,10.1999,10.2281,6.9646,6.9626,6.9667,4,2
700,20.0000,20,5.0000,8,691.2132,682.4146,699.9993,12.7500,12.5714,13.0000,115.6744,114.0652,117.5225,9.0686,8.9760,9.1705,12.3817,12.3698,12.3930,3.4618,3.4567,3.4678,3,2
700,45.0000,45,10.0000,8,693.0003,686.7793,699.9993,3.8036,3.7143,3.8571,30.0265,29.4008,31.6833,7.8956,7.6224,8.2142,10.0379,10.0252,10.0461,10.5016,10.4981,10.5077,2,0
700,45.0000,45,5.0000,8,693.0003,686.7793,699.9993,4.6607,4.4286,4.8571,44.6212,43.7224,45.7536,9.5780,9.3822,9.8728,12.1659,12.1557,12.1730,10.4438,10.4426,10.4449,2,0
700,51.6000,51.6,10.0000,8,693.5337,688.3989,699.9997,3.3036,3.1429,3.4286,26.7289,25.9717,28.2731,8.0925,7.8169,8.2637,9.9607,9.9520,9.9674,11.9849,10.5487,12.1902,0,0
700,51.6000,51.6,5.0000,8,693.5337,688.3989,699.9997,4.0536,4.0000,4.1429,39.8346,39.1126,41.3573,9.8272,9.7185,9.9828,12.0777,12.0705,12.0833,10.4683,10.4676,10.4691,0,0
700,98.1880,SSO,10.0000,8,695.2447,691.8917,700.0000,2.8750,2.8571,3.0000,21.3688,21.0159,21.7403,7.4353,7.0053,7.6091,9.4356,9.4002,9.4538,12.1917,12.1899,12.1938,2,0
700,98.1880,SSO,5.0000,8,695.2447,691.8917,700.0000,3.5357,3.4286,3.7143,31.5579,30.6724,32.3556,8.9279,8.7111,9.1031,11.4421,11.4132,11.4566,11.1738,10.5866,12.1316,0,0
800,0.0000,0,10.0000,1,790.7984,781.5935,800.0000,13.4286,13.4286,13.4286,150.8915,150.8915,150.8915,11.2833,11.2833,11.2833,11.3928,11.3928,11.3928,1.6168,1.6168,1.6168,0,1
800,0.0000,0,5.0000,1,790.7984,781.5935,800.0000,13.4286,13.4286,13.4286,181.2427,181.2427,181.2427,13.5556,13.5556,13.5556,13.6714,13.6714,13.6714,1.5791,1.5791,1.5791,0,1
800,10.0000,10,10.0000,8,790.9369,781.8631,799.9998,13.3214,13.2857,13.4286,139.1496,138.6132,139.5440,10.4559,10.4169,10.4975,11.3782,11.3409,11.3989,1.6536,1.6525,1.6553,0,2
800,10.0000,10,5.0000,8,790.9369,781.8631,799.9998,13.3214,13.2857,13.4286,171.5827,171.0653,172.1702,12.8937,12.8636,12.9266,13.6540,13.6231,13.6713,1.6086,1.6077,1.6100,0,2
800,20.0000,20,10.0000,8,791.3359,782.6660,799.9991,11.1786,11.0000,11.2857,88.6014,86.3665,91.5503,7.9275,7.8346,8.1121,11.3016,11.2339,11.3597,5.7827,5.3363,7.0968,0,2
800,20.0000,20,5.0000,8,791.3359,782.6660,799.9991,13.3036,13.2857,13.4286,137.3159,135.9640,138.8040,10.3222,10.1906,10.4476,13.5692,13.4988,13.6239,1.7228,1.7188,1.7285,0,2
800,45.0000,45,10.0000,8,793.0988,787.0082,799.9995,4.0893,4.0000,4.2857,35.7659,34.6737,37.5491,8.7479,8.4407,9.0636,11.1114,11.0248,11.1553,10.6998,10.6979,10.7019,0,0
800,45.0000,45,5.0000,8,793.0988,787.0082,799.9995,5.0000,4.7143,5.4286,52.0833,50.4840,54.1256,10.4313,9.8902,10.8083,13.3377,13.2389,13.3787,9.8122,8.9632,10.6539,2,0
800,51.6000,51.6,10.0000,8,793.6251,788.5954,799.9997,3.6964,3.4286,3.8571,32.1106,30.4713,33.7674,8.6916,8.4009,9.0912,11.0458,10.9573,11.0817,10.7240,10.7180,10.7288,0,0
800,51.6000,51.6,5.0000,8,793.6251,788.5954,799.9997,4.4821,4.2857,4.5714,46.6247,45.7253,48.3553,10.4063,10.0873,10.6754,13.2559,13.1620,13.2907,10.6695,10.6681,10.6708,1,0
800,98.6030,SSO,10.0000,8,795.3024,792.0368,799.9998,3.0714,3.0000,3.1429,25.3717,25.1363,25.5790,8.2636,8.1296,8.4001,10.4691,10.4652,10.4725,12.4187,12.4090,12.4347,0,0
800,98.6030,SSO,5.0000,8,795.3024,792.0368,799.9998,3.7143,3.7143,3.7143,36.6004,36.4072,36.7873,9.8540,9.8019,9.9043,12.5604,12.5563,12.5640,10.7686,10.7628,10.7733,1,0
