case_id,nominal_altitude_km,inclination_deg,orbit_label,elevation_mask_deg,raan_deg,mean_alt_km,min_alt_km,max_alt_km,passes_per_day,contact_min_per_day,mean_pass_min,max_pass_min,longest_gap_h,min_pass_min,n_passes_under_1min,n_boundary_passes,n_state_samples
h400_i0_raan0_el10,400,0.0000,0,10.0000,0.0000,390.2580,380.5073,400.0000,14.5714,94.2136,6.4656,6.6017,1.5382,6.3246,0,0,10081
h400_i0_raan0_el5,400,0.0000,0,5.0000,0.0000,390.2580,380.5073,400.0000,14.5714,120.5848,8.2754,8.4227,1.5083,8.1227,0,0,10081
h400_i10_raan0_el10,400,10.0000,10,10.0000,0.0000,390.4048,380.8017,399.9992,14.5714,72.0269,4.9430,6.6205,1.6127,1.5791,0,0,10081
h400_i10_raan0_el5,400,10.0000,10,5.0000,0.0000,390.4048,380.8017,399.9992,14.5714,105.6292,7.2491,8.4339,1.5544,5.3808,0,0,10081
h400_i10_raan45_el10,400,10.0000,10,10.0000,45.0000,390.4017,380.7956,399.9993,14.5714,73.5864,5.0500,6.6205,1.6098,1.7904,0,0,10081
h400_i10_raan45_el5,400,10.0000,10,5.0000,45.0000,390.4017,380.7956,399.9993,14.5714,106.4915,7.3082,8.4320,1.5532,5.4393,0,0,10081
h400_i10_raan90_el10,400,10.0000,10,10.0000,90.0000,390.4003,380.7930,399.9993,14.5714,74.1571,5.0892,6.6211,1.6084,1.8444,0,0,10081
h400_i10_raan90_el5,400,10.0000,10,5.0000,90.0000,390.4003,380.7930,399.9993,14.5714,106.8476,7.3327,8.4325,1.5526,5.4572,0,0,10081
h400_i10_raan135_el10,400,10.0000,10,10.0000,135.0000,390.4016,380.7954,399.9994,14.5714,73.4713,5.0421,6.6173,1.6089,1.7557,0,0,10081
h400_i10_raan135_el5,400,10.0000,10,5.0000,135.0000,390.4016,380.7954,399.9994,14.5714,106.3878,7.3011,8.4297,1.5527,5.4282,0,0,10081
h400_i10_raan180_el10,400,10.0000,10,10.0000,180.0000,390.4047,380.8015,399.9994,14.5714,72.7949,4.9957,6.6066,1.6119,1.5572,0,0,10081
h400_i10_raan180_el5,400,10.0000,10,5.0000,180.0000,390.4047,380.8015,399.9994,14.5714,106.0209,7.2759,8.4215,1.5539,5.3681,0,0,10081
h400_i10_raan225_el10,400,10.0000,10,10.0000,225.0000,390.4076,380.8074,399.9994,14.5714,72.5400,4.9782,6.6071,1.6153,1.3169,0,0,10081
h400_i10_raan225_el5,400,10.0000,10,5.0000,225.0000,390.4076,380.8074,399.9994,14.5714,105.9905,7.2739,8.4233,1.5552,5.3058,0,0,10081
h400_i10_raan270_el10,400,10.0000,10,10.0000,270.0000,390.4088,380.8099,399.9993,14.5714,72.1439,4.9399,6.6228,1.6167,1.1942,0,1,10081
h400_i10_raan270_el5,400,10.0000,10,5.0000,270.0000,390.4088,380.8099,399.9993,14.5714,105.9614,7.2519,8.4354,1.5557,5.2768,0,1,10081
h400_i10_raan315_el10,400,10.0000,10,10.0000,315.0000,390.4077,380.8076,399.9993,14.7143,72.0871,4.8991,6.6264,1.6156,1.3593,0,0,10081
h400_i10_raan315_el5,400,10.0000,10,5.0000,315.0000,390.4077,380.8076,399.9993,14.7143,106.3268,7.2261,8.4384,1.5554,5.3203,0,0,10081
h400_i20_raan0_el10,400,20.0000,20,10.0000,0.0000,390.8273,381.6484,399.9988,5.8571,29.8431,5.0952,6.6006,9.7892,0.8890,1,0,10081
h400_i20_raan0_el5,400,20.0000,20,5.0000,0.0000,390.8273,381.6484,399.9988,8.0000,50.2998,6.2875,8.4061,8.1407,0.1709,2,0,10081
h400_i20_raan45_el10,400,20.0000,20,10.0000,45.0000,390.8216,381.6369,399.9988,6.1429,30.8193,5.0171,6.5873,9.7876,1.0313,0,0,10081
h400_i20_raan45_el5,400,20.0000,20,5.0000,45.0000,390.8216,381.6369,399.9988,8.4286,52.4554,6.2235,8.3962,8.1405,1.3838,0,0,10081
h400_i20_raan90_el10,400,20.0000,20,10.0000,90.0000,390.8191,381.6320,399.9989,6.2857,31.8399,5.0654,6.5747,9.7869,2.0823,0,0,10081
h400_i20_raan90_el5,400,20.0000,20,5.0000,90.0000,390.8191,381.6320,399.9989,8.4286,53.5443,6.3527,8.3809,8.1377,1.7997,0,0,10081
h400_i20_raan135_el10,400,20.0000,20,10.0000,135.0000,390.8214,381.6367,399.9991,6.0000,29.6554,4.9426,6.5854,9.7882,0.0496,1,0,10081
h400_i20_raan135_el5,400,20.0000,20,5.0000,135.0000,390.8214,381.6367,399.9991,8.1429,51.0966,6.2750,8.3894,8.1403,0.6430,1,0,10081
h400_i20_raan180_el10,400,20.0000,20,10.0000,180.0000,390.8271,381.6481,399.9991,6.0000,29.6635,4.9439,6.5722,9.7879,0.9416,1,0,10081
h400_i20_raan180_el5,400,20.0000,20,5.0000,180.0000,390.8271,381.6481,399.9991,8.2857,50.9807,6.1528,8.3793,8.1409,0.9155,1,0,10081
h400_i20_raan225_el10,400,20.0000,20,10.0000,225.0000,390.8327,381.6593,399.9991,6.2857,31.5561,5.0203,6.6012,9.7877,1.7308,0,0,10081
h400_i20_raan225_el5,400,20.0000,20,5.0000,225.0000,390.8327,381.6593,399.9991,8.4286,52.7533,6.2589,8.4078,8.1393,0.8528,1,0,10081
h400_i20_raan270_el10,400,20.0000,20,10.0000,270.0000,390.8350,381.6640,399.9989,5.7143,30.1486,5.2760,6.5990,9.7896,3.0719,0,0,10081
h400_i20_raan270_el5,400,20.0000,20,5.0000,270.0000,390.8350,381.6640,399.9989,8.2857,51.4960,6.2150,8.4062,8.1413,0.8851,1,0,10081
h400_i20_raan315_el10,400,20.0000,20,10.0000,315.0000,390.8328,381.6595,399.9988,6.0000,30.0689,5.0115,6.5859,9.7872,1.7583,0,0,10081
h400_i20_raan315_el5,400,20.0000,20,5.0000,315.0000,390.8328,381.6595,399.9988,8.1429,50.8589,6.2458,8.3944,8.1395,1.6258,0,0,10081
h400_i45_raan0_el10,400,45.0000,45,10.0000,0.0000,392.6931,386.0600,399.9986,3.0000,13.8978,4.6326,6.4951,11.4572,0.8317,1,0,10081
h400_i45_raan0_el5,400,45.0000,45,5.0000,0.0000,392.6931,386.0600,399.9986,3.4286,23.1002,6.7376,8.2715,11.4075,4.3957,0,0,10081
h400_i45_raan45_el10,400,45.0000,45,10.0000,45.0000,392.6842,386.0361,399.9987,3.0000,14.6634,4.8878,6.4403,11.4545,1.4774,0,0,10081
h400_i45_raan45_el5,400,45.0000,45,5.0000,45.0000,392.6842,386.0361,399.9987,3.7143,23.9231,6.4408,8.2295,11.4083,2.7002,0,0,10081
h400_i45_raan90_el10,400,45.0000,45,10.0000,90.0000,392.6804,386.0305,399.9988,2.8571,14.9291,5.2252,6.4504,11.4527,3.0677,0,0,10081
h400_i45_raan90_el5,400,45.0000,45,5.0000,90.0000,392.6804,386.0305,399.9988,3.8571,24.0309,6.2302,8.2327,11.4091,1.0893,0,0,10081
h400_i45_raan135_el10,400,45.0000,45,10.0000,135.0000,392.6839,386.0466,399.9990,2.8571,13.9169,4.8709,6.4825,11.4536,0.4461,1,0,10081
h400_i45_raan135_el5,400,45.0000,45,5.0000,135.0000,392.6839,386.0466,399.9990,3.4286,22.7292,6.6293,8.2579,11.4086,2.6269,0,0,10081
h400_i45_raan180_el10,400,45.0000,45,10.0000,180.0000,392.6928,386.0750,399.9991,2.8571,13.8270,4.8395,6.4878,11.4397,1.3466,0,0,10081
h400_i45_raan180_el5,400,45.0000,45,5.0000,180.0000,392.6928,386.0750,399.9991,3.2857,22.4157,6.8222,8.2652,11.4083,4.0545,0,0,10081
h400_i45_raan225_el10,400,45.0000,45,10.0000,225.0000,392.7015,386.0987,399.9991,2.7143,14.6376,5.3928,6.4781,11.4608,2.6107,0,0,10081
h400_i45_raan225_el5,400,45.0000,45,5.0000,225.0000,392.7015,386.0987,399.9991,3.8571,23.7837,6.1661,8.2583,11.4055,0.7229,1,0,10081
h400_i45_raan270_el10,400,45.0000,45,10.0000,270.0000,392.7052,386.1040,399.9988,2.5714,13.8440,5.3838,6.4110,11.4553,3.6129,0,0,10081
h400_i45_raan270_el5,400,45.0000,45,5.0000,270.0000,392.7052,386.1040,399.9988,3.8571,22.8624,5.9273,8.2034,11.4042,0.6895,1,0,10081
h400_i45_raan315_el10,400,45.0000,45,10.0000,315.0000,392.7017,386.0881,399.9987,2.7143,13.6782,5.0393,6.4863,11.4590,1.8221,0,0,10081
h400_i45_raan315_el5,400,45.0000,45,5.0000,315.0000,392.7017,386.0881,399.9987,3.5714,22.8616,6.4012,8.2621,11.4073,0.8021,1,0,10081
h400_i51p6_raan0_el10,400,51.6000,51.6,10.0000,0.0000,393.2503,387.7819,399.9992,2.2857,12.1176,5.3014,6.4550,11.4767,2.6027,0,0,10081
h400_i51p6_raan0_el5,400,51.6000,51.6,5.0000,0.0000,393.2503,387.7819,399.9992,3.4286,21.1029,6.1550,8.2211,11.4167,2.1118,0,0,10081
h400_i51p6_raan45_el10,400,51.6000,51.6,10.0000,45.0000,393.2416,387.7570,399.9992,2.4286,12.1675,5.0101,6.4218,11.4848,1.9708,0,0,10081
h400_i51p6_raan45_el5,400,51.6000,51.6,5.0000,45.0000,393.2416,387.7570,399.9992,3.5714,22.3736,6.2646,8.1959,11.4152,3.5709,0,0,10081
h400_i51p6_raan90_el10,400,51.6000,51.6,10.0000,90.0000,393.2379,387.7527,399.9994,2.8571,13.2675,4.6436,6.2841,11.4667,1.5631,0,0,10081
h400_i51p6_raan90_el5,400,51.6000,51.6,5.0000,90.0000,393.2379,387.7527,399.9994,3.4286,21.4182,6.2470,8.0895,11.4194,0.3763,1,0,10081
h400_i51p6_raan135_el10,400,51.6000,51.6,10.0000,135.0000,393.2414,387.7717,399.9996,2.7143,13.3263,4.9097,6.3658,11.4610,3.0450,0,0,10081
h400_i51p6_raan135_el5,400,51.6000,51.6,5.0000,135.0000,393.2414,387.7717,399.9996,3.0000,20.0096,6.6699,8.1518,11.4222,2.3464,0,0,10081
h400_i51p6_raan180_el10,400,51.6000,51.6,10.0000,180.0000,393.2500,387.8026,399.9997,2.2857,12.1504,5.3158,6.4509,11.4751,2.7644,0,0,10081
h400_i51p6_raan180_el5,400,51.6000,51.6,5.0000,180.0000,393.2500,387.8026,399.9997,3.2857,20.7966,6.3294,8.2177,11.4172,1.7931,0,0,10081
h400_i51p6_raan225_el10,400,51.6000,51.6,10.0000,225.0000,393.2585,387.8273,399.9997,2.4286,12.9272,5.3230,6.4289,11.4888,1.6076,0,0,10081
h400_i51p6_raan225_el5,400,51.6000,51.6,5.0000,225.0000,393.2585,387.8273,399.9997,3.4286,22.1709,6.4665,8.2005,11.4150,3.6513,0,0,10081
h400_i51p6_raan270_el10,400,51.6000,51.6,10.0000,270.0000,393.2621,387.8313,399.9995,2.5714,12.7795,4.9698,6.2954,11.4681,1.1570,0,0,10081
h400_i51p6_raan270_el5,400,51.6000,51.6,5.0000,270.0000,393.2621,387.8313,399.9995,3.0000,19.5518,6.5173,8.0965,11.4195,0.4649,1,0,10081
h400_i51p6_raan315_el10,400,51.6000,51.6,10.0000,315.0000,393.2587,387.8125,399.9993,2.5714,13.0689,5.0824,6.3755,11.4617,2.9403,0,0,10081
h400_i51p6_raan315_el5,400,51.6000,51.6,5.0000,315.0000,393.2587,387.8125,399.9993,3.0000,19.6558,6.5519,8.1590,11.4223,2.2874,0,0,10081
h400_iSSO_raan0_el10,400,97.0300,SSO,10.0000,0.0000,395.0630,391.4379,400.0000,2.0000,10.0706,5.0353,6.1421,13.0289,2.9281,0,0,10081
h400_iSSO_raan0_el5,400,97.0300,SSO,5.0000,0.0000,395.0630,391.4379,400.0000,2.5714,16.3730,6.3673,7.8234,11.4881,3.1567,0,0,10081
h400_iSSO_raan45_el10,400,97.0300,SSO,10.0000,45.0000,395.0651,391.4344,399.9999,2.1429,10.1799,4.7506,6.1265,13.0058,0.7959,1,0,10081
h400_iSSO_raan45_el5,400,97.0300,SSO,5.0000,45.0000,395.0651,391.4344,399.9999,2.5714,16.4122,6.3825,7.8117,11.4875,3.3976,0,0,10081
h400_iSSO_raan90_el10,400,97.0300,SSO,10.0000,90.0000,395.0659,391.4232,399.9998,2.2857,10.2323,4.4766,6.1262,13.0280,0.5113,1,0,10081
h400_iSSO_raan90_el5,400,97.0300,SSO,5.0000,90.0000,395.0659,391.4232,399.9998,2.8571,16.7163,5.8507,7.8108,11.4731,1.3521,0,0,10081
h400_iSSO_raan135_el10,400,97.0300,SSO,10.0000,135.0000,395.0652,391.4110,399.9997,2.0000,10.0905,5.0452,6.1408,13.0316,3.1816,0,0,10081
h400_iSSO_raan135_el5,400,97.0300,SSO,5.0000,135.0000,395.0652,391.4110,399.9997,2.5714,16.3985,6.3772,7.8220,11.4855,3.7886,0,0,10081
h400_iSSO_raan180_el10,400,97.0300,SSO,10.0000,180.0000,395.0631,391.4048,399.9997,2.1429,10.1733,4.7476,6.0988,13.0283,1.3484,0,0,10081
h400_iSSO_raan180_el5,400,97.0300,SSO,5.0000,180.0000,395.0631,391.4048,399.9997,2.7143,16.5431,6.0948,7.7891,11.4760,1.8741,0,0,10081
h400_iSSO_raan225_el10,400,97.0300,SSO,10.0000,225.0000,395.0609,391.4080,399.9997,2.1429,10.1397,4.7319,6.1309,13.0279,1.2029,0,0,10081
h400_iSSO_raan225_el5,400,97.0300,SSO,5.0000,225.0000,395.0609,391.4080,399.9997,2.7143,16.5424,6.0946,7.8148,11.4758,1.6430,0,0,10081
h400_iSSO_raan270_el10,400,97.0300,SSO,10.0000,270.0000,395.0599,391.4190,399.9998,2.0000,10.0853,5.0426,6.1423,13.0305,3.3736,0,0,10081
h400_iSSO_raan270_el5,400,97.0300,SSO,5.0000,270.0000,395.0599,391.4190,399.9998,2.5714,16.4315,6.3900,7.8236,11.4849,3.9503,0,0,10081
h400_iSSO_raan315_el10,400,97.0300,SSO,10.0000,315.0000,395.0608,391.4314,399.9999,2.2857,10.3176,4.5139,6.0938,13.0278,0.9725,1,0,10081
h400_iSSO_raan315_el5,400,97.0300,SSO,5.0000,315.0000,395.0608,391.4314,399.9999,2.8571,16.6767,5.8368,7.7862,11.4733,0.6993,1,0,10081
h500_i0_raan0_el10,500,0.0000,0,10.0000,0.0000,490.4253,480.7907,500.0000,14.1429,109.6975,7.7460,7.8711,1.5560,7.6135,0,1,10081
h500_i0_raan0_el5,500,0.0000,0,5.0000,0.0000,490.4253,480.7907,500.0000,14.1429,137.3636,9.6923,9.8265,1.5237,9.5501,0,1,10081
h500_i10_raan0_el10,500,10.0000,10,10.0000,0.0000,490.5694,481.0811,499.9998,14.1429,92.9371,6.5691,7.8640,1.6100,4.4562,0,1,10081
h500_i10_raan0_el5,500,10.0000,10,5.0000,0.0000,490.5694,481.0811,499.9998,14.1429,124.9449,8.8210,9.8172,1.5628,7.3371,0,1,10081
h500_i10_raan45_el10,500,10.0000,10,10.0000,45.0000,490.5664,481.0751,499.9998,14.1429,93.7793,6.6309,7.8356,1.6086,4.5426,0,0,10081
h500_i10_raan45_el5,500,10.0000,10,5.0000,45.0000,490.5664,481.0751,499.9998,14.1429,125.3579,8.8637,9.7949,1.5619,7.3757,0,0,10081
h500_i10_raan90_el10,500,10.0000,10,10.0000,90.0000,490.5651,481.0725,499.9999,14.2857,95.0968,6.6568,7.8161,1.6078,4.5166,0,0,10081
h500_i10_raan90_el5,500,10.0000,10,5.0000,90.0000,490.5651,481.0725,499.9999,14.2857,126.8828,8.8818,9.7711,1.5613,7.3597,0,0,10081
h500_i10_raan135_el10,500,10.0000,10,10.0000,135.0000,490.5663,481.0751,499.9999,14.2857,94.5917,6.6214,7.8434,1.6079,4.4431,0,0,10081
h500_i10_raan135_el5,500,10.0000,10,5.0000,135.0000,490.5663,481.0751,499.9999,14.2857,126.5050,8.8554,9.7961,1.5614,7.3153,0,0,10081
h500_i10_raan180_el10,500,10.0000,10,10.0000,180.0000,490.5693,481.0811,500.0000,14.2857,94.1120,6.5878,7.8672,1.6085,4.3371,0,0,10081
h500_i10_raan180_el5,500,10.0000,10,5.0000,180.0000,490.5693,481.0811,500.0000,14.2857,126.1671,8.8317,9.8165,1.5616,7.2521,0,0,10081
h500_i10_raan225_el10,500,10.0000,10,10.0000,225.0000,490.5722,481.0869,499.9999,14.2857,94.0813,6.5857,7.8842,1.6092,4.2500,0,0,10081
h500_i10_raan225_el5,500,10.0000,10,5.0000,225.0000,490.5722,481.0869,499.9999,14.2857,126.1745,8.8322,9.8325,1.5621,7.2012,0,0,10081
h500_i10_raan270_el10,500,10.0000,10,10.0000,270.0000,490.5734,481.0892,499.9999,14.2857,93.7351,6.5615,7.8905,1.6110,4.2350,0,0,10081
h500_i10_raan270_el5,500,10.0000,10,5.0000,270.0000,490.5734,481.0892,499.9999,14.2857,125.9329,8.8153,9.8379,1.5633,7.1955,0,0,10081
h500_i10_raan315_el10,500,10.0000,10,10.0000,315.0000,490.5723,481.0869,499.9998,14.2857,93.2166,6.5252,7.8846,1.6111,4.3144,0,0,10081
h500_i10_raan315_el5,500,10.0000,10,5.0000,315.0000,490.5723,481.0869,499.9998,14.2857,125.5742,8.7902,9.8334,1.5635,7.2472,0,0,10081
h500_i20_raan0_el10,500,20.0000,20,10.0000,0.0000,490.9845,481.9154,499.9994,7.0000,41.9292,5.9899,7.7412,8.3528,1.5071,0,0,10081
h500_i20_raan0_el5,500,20.0000,20,5.0000,0.0000,490.9845,481.9154,499.9994,9.5714,69.0020,7.2092,9.6751,6.6631,0.7204,1,0,10081
h500_i20_raan45_el10,500,20.0000,20,10.0000,45.0000,490.9788,481.9042,499.9995,7.0000,42.7229,6.1033,7.7549,8.3489,1.7507,0,0,10081
h500_i20_raan45_el5,500,20.0000,20,5.0000,45.0000,490.9788,481.9042,499.9995,9.8571,70.7750,7.1801,9.6946,6.6593,1.0247,0,0,10081
h500_i20_raan90_el10,500,20.0000,20,10.0000,90.0000,490.9764,481.8992,499.9996,7.2857,44.0165,6.0415,7.7980,8.3451,0.6004,1,0,10081
h500_i20_raan90_el5,500,20.0000,20,5.0000,90.0000,490.9764,481.8992,499.9996,10.0000,71.9811,7.1981,9.7371,6.6587,0.2478,2,0,10081
h500_i20_raan135_el10,500,20.0000,20,10.0000,135.0000,490.9787,481.9037,499.9997,7.0000,41.8672,5.9810,7.8304,8.3476,0.4313,1,0,10081
h500_i20_raan135_el5,500,20.0000,20,5.0000,135.0000,490.9787,481.9037,499.9997,9.8571,70.4003,7.1421,9.7729,6.6608,1.1807,0,0,10081
h500_i20_raan180_el10,500,20.0000,20,10.0000,180.0000,490.9843,481.9149,499.9998,6.8571,41.2874,6.0211,7.8552,8.3541,0.5844,1,0,10081
h500_i20_raan180_el5,500,20.0000,20,5.0000,180.0000,490.9843,481.9149,499.9998,9.5714,69.7697,7.2894,9.7959,6.6612,1.5335,0,0,10081
h500_i20_raan225_el10,500,20.0000,20,10.0000,225.0000,490.9898,481.9259,499.9997,7.4286,43.4422,5.8480,7.8634,8.3587,1.0744,0,0,10081
h500_i20_raan225_el5,500,20.0000,20,5.0000,225.0000,490.9898,481.9259,499.9997,9.8571,72.1048,7.3150,9.8044,6.6596,0.9730,1,0,10081
h500_i20_raan270_el10,500,20.0000,20,10.0000,270.0000,490.9921,481.9306,499.9996,7.2857,42.7670,5.8700,7.8426,8.3580,1.1773,0,0,10081
h500_i20_raan270_el5,500,20.0000,20,5.0000,270.0000,490.9921,481.9306,499.9996,10.1429,71.8503,7.0838,9.7881,6.6582,0.5699,1,0,10081
h500_i20_raan315_el10,500,20.0000,20,10.0000,315.0000,490.9899,481.9263,499.9995,7.1429,41.5130,5.8118,7.7607,8.3548,0.6997,2,0,10081
h500_i20_raan315_el5,500,20.0000,20,5.0000,315.0000,490.9899,481.9263,499.9995,9.8571,69.4430,7.0449,9.7239,6.6595,0.1033,1,0,10081
h500_i45_raan0_el10,500,45.0000,45,10.0000,0.0000,492.8164,486.3239,499.9994,4.0000,23.4315,5.8579,6.7153,10.0696,4.5018,0,0,10081
h500_i45_raan0_el5,500,45.0000,45,5.0000,0.0000,492.8164,486.3239,499.9994,4.0000,32.8846,8.2211,8.8156,10.0278,7.2877,0,0,10081
h500_i45_raan45_el10,500,45.0000,45,10.0000,45.0000,492.8077,486.3005,499.9995,4.1429,22.1524,5.3471,7.2329,10.0824,1.9284,0,0,10081
h500_i45_raan45_el5,500,45.0000,45,5.0000,45.0000,492.8077,486.3005,499.9995,4.1429,33.0148,7.9691,9.2099,10.0325,6.0659,0,0,10081
h500_i45_raan90_el10,500,45.0000,45,10.0000,90.0000,492.8040,486.2952,499.9996,3.0000,17.6649,5.8883,7.4894,11.6864,2.0810,0,0,10081
h500_i45_raan90_el5,500,45.0000,45,5.0000,90.0000,492.8040,486.2952,499.9996,4.0000,30.1675,7.5419,9.4076,10.0435,4.4366,0,0,10081
h500_i45_raan135_el10,500,45.0000,45,10.0000,135.0000,492.8075,486.3112,499.9997,2.0000,15.1741,7.5871,7.6473,11.6817,7.5417,0,0,10081
h500_i45_raan135_el5,500,45.0000,45,5.0000,135.0000,492.8075,486.3112,499.9997,3.8571,25.7734,6.6820,9.5685,11.6484,0.4953,1,0,10081
h500_i45_raan180_el10,500,45.0000,45,10.0000,180.0000,492.8161,486.3391,499.9998,2.0000,15.2573,7.6286,7.7256,11.6804,7.5092,0,0,10081
h500_i45_raan180_el5,500,45.0000,45,5.0000,180.0000,492.8161,486.3391,499.9998,3.8571,24.4330,6.3345,9.6342,11.6486,1.2823,0,0,10081
h500_i45_raan225_el10,500,45.0000,45,10.0000,225.0000,492.8247,486.3623,499.9997,2.5714,16.6933,6.4918,7.7004,11.6839,0.9451,1,0,10081
h500_i45_raan225_el5,500,45.0000,45,5.0000,225.0000,492.8247,486.3623,499.9997,4.1429,30.1867,7.2864,9.6152,10.0508,3.6761,0,0,10081
h500_i45_raan270_el10,500,45.0000,45,10.0000,270.0000,492.8283,486.3674,499.9996,4.0000,20.3830,5.0958,7.4814,10.0957,0.7334,1,0,10081
h500_i45_raan270_el5,500,45.0000,45,5.0000,270.0000,492.8283,486.3674,499.9996,4.1429,32.3565,7.8102,9.4436,10.0359,5.7472,0,0,10081
h500_i45_raan315_el10,500,45.0000,45,10.0000,315.0000,492.8249,486.3515,499.9995,4.0000,23.1235,5.7809,7.0358,10.0718,4.1715,0,0,10081
h500_i45_raan315_el5,500,45.0000,45,5.0000,315.0000,492.8249,486.3515,499.9995,4.0000,32.7106,8.1777,9.1004,10.0291,7.1516,0,0,10081
h500_i51p6_raan0_el10,500,51.6000,51.6,10.0000,0.0000,493.3631,488.0097,499.9997,4.0000,21.6366,5.4092,6.4327,10.0934,4.2143,0,0,10081
h500_i51p6_raan0_el5,500,51.6000,51.6,5.0000,0.0000,493.3631,488.0097,499.9997,4.0000,31.5502,7.8875,8.6249,10.0490,7.1430,0,0,10081
h500_i51p6_raan45_el10,500,51.6000,51.6,10.0000,45.0000,493.3546,487.9856,499.9997,4.1429,21.3614,5.1562,6.6324,10.1008,2.5851,0,0,10081
h500_i51p6_raan45_el5,500,51.6000,51.6,5.0000,45.0000,493.3546,487.9856,499.9997,4.1429,32.1672,7.7645,8.7281,10.0514,6.2720,0,0,10081
h500_i51p6_raan90_el10,500,51.6000,51.6,10.0000,90.0000,493.3509,487.9816,499.9998,3.0000,16.7722,5.5907,7.2126,11.6981,1.8855,0,0,10081
h500_i51p6_raan90_el5,500,51.6000,51.6,5.0000,90.0000,493.3509,487.9816,499.9998,4.0000,29.4415,7.3604,9.1701,10.0619,4.4142,0,0,10081
h500_i51p6_raan135_el10,500,51.6000,51.6,10.0000,135.0000,493.3543,488.0002,499.9998,2.0000,14.8007,7.4003,7.4861,11.6902,7.2586,0,0,10081
h500_i51p6_raan135_el5,500,51.6000,51.6,5.0000,135.0000,493.3543,488.0002,499.9998,3.7143,24.6557,6.6381,9.4017,11.6561,0.3437,1,0,10081
h500_i51p6_raan180_el10,500,51.6000,51.6,10.0000,180.0000,493.3627,488.0304,499.9999,2.0000,15.1707,7.5854,7.6632,11.6862,7.5385,0,0,10081
h500_i51p6_raan180_el5,500,51.6000,51.6,5.0000,180.0000,493.3627,488.0304,499.9999,2.4286,19.6036,8.0721,9.5642,11.6546,0.6899,1,0,10081
h500_i51p6_raan225_el10,500,51.6000,51.6,10.0000,225.0000,493.3711,488.0542,499.9999,2.1429,16.1880,7.5544,7.6780,11.6875,7.3629,0,0,10081
h500_i51p6_raan225_el5,500,51.6000,51.6,5.0000,225.0000,493.3711,488.0542,499.9999,2.8571,21.8917,7.6621,9.5744,11.6556,1.1957,0,0,10081
h500_i51p6_raan270_el10,500,51.6000,51.6,10.0000,270.0000,493.3746,488.0580,499.9998,2.0000,14.5158,7.2579,7.5305,11.6933,6.9274,0,0,10081
h500_i51p6_raan270_el5,500,51.6000,51.6,5.0000,270.0000,493.3746,488.0580,499.9998,4.1429,27.7287,6.6931,9.4588,10.0776,2.4456,0,0,10081
h500_i51p6_raan315_el10,500,51.6000,51.6,10.0000,315.0000,493.3713,488.0396,499.9997,3.7143,18.6148,5.0117,7.1296,11.6995,1.3272,0,0,10081
h500_i51p6_raan315_el5,500,51.6000,51.6,5.0000,315.0000,493.3713,488.0396,499.9997,4.0000,30.4488,7.6122,9.1482,10.0557,5.6234,0,0,10081
h500_iSSO_raan0_el10,500,97.4020,SSO,10.0000,0.0000,495.1343,491.6153,500.0000,2.4286,13.9719,5.7532,7.2949,11.7275,1.7087,0,0,10081
h500_iSSO_raan0_el5,500,97.4020,SSO,5.0000,0.0000,495.1343,491.6153,500.0000,3.0000,21.1058,7.0353,9.0987,11.6887,1.5820,0,0,10081
h500_iSSO_raan45_el10,500,97.4020,SSO,10.0000,45.0000,495.1365,491.6119,500.0000,2.4286,12.8872,5.3065,7.2832,11.7423,0.3821,1,0,10081
h500_iSSO_raan45_el5,500,97.4020,SSO,5.0000,45.0000,495.1365,491.6119,500.0000,3.0000,21.1958,7.0653,9.0907,11.6850,2.6756,0,0,10081
h500_iSSO_raan90_el10,500,97.4020,SSO,10.0000,90.0000,495.1373,491.6007,499.9999,2.5714,13.7015,5.3284,7.2296,11.7459,0.4780,1,0,10081
h500_iSSO_raan90_el5,500,97.4020,SSO,5.0000,90.0000,495.1373,491.6007,499.9999,3.1429,22.2428,7.0772,9.0480,11.6911,3.3738,0,0,10081
h500_iSSO_raan135_el10,500,97.4020,SSO,10.0000,135.0000,495.1365,491.5884,499.9998,2.5714,13.8132,5.3718,7.3022,11.7428,1.4391,0,0,10081
h500_iSSO_raan135_el5,500,97.4020,SSO,5.0000,135.0000,495.1365,491.5884,499.9998,3.1429,22.2778,7.0884,9.1054,11.6924,3.4264,0,0,10081
h500_iSSO_raan180_el10,500,97.4020,SSO,10.0000,180.0000,495.1344,491.5820,499.9997,2.5714,13.8718,5.3946,7.2177,11.7397,1.7329,0,0,10081
h500_iSSO_raan180_el5,500,97.4020,SSO,5.0000,180.0000,495.1344,491.5820,499.9997,3.1429,22.2128,7.0677,9.0212,11.6843,1.8567,0,0,10081
h500_iSSO_raan225_el10,500,97.4020,SSO,10.0000,225.0000,495.1321,491.5851,499.9998,2.5714,14.5292,5.6502,7.2890,11.7264,0.9966,1,0,10081
h500_iSSO_raan225_el5,500,97.4020,SSO,5.0000,225.0000,495.1321,491.5851,499.9998,3.0000,21.8585,7.2862,9.0938,11.6929,2.1710,0,0,10081
h500_iSSO_raan270_el10,500,97.4020,SSO,10.0000,270.0000,495.1311,491.5961,499.9999,2.1429,13.6311,6.3612,7.3005,11.7477,3.7035,0,0,10081
h500_iSSO_raan270_el5,500,97.4020,SSO,5.0000,270.0000,495.1311,491.5961,499.9999,2.8571,20.4999,7.1750,9.1035,11.6864,0.2618,1,0,10081
h500_iSSO_raan315_el10,500,97.4020,SSO,10.0000,315.0000,495.1320,491.6086,500.0000,2.1429,13.6122,6.3523,7.2434,11.7489,3.6640,0,0,10081
h500_iSSO_raan315_el5,500,97.4020,SSO,5.0000,315.0000,495.1320,491.6086,500.0000,2.7143,20.4696,7.5414,9.0574,11.6867,2.8788,0,0,10081
h600_i0_raan0_el10,600,0.0000,0,10.0000,0.0000,590.5510,581.0660,600.0000,13.8571,124.6485,8.9644,9.0826,1.5752,8.8410,0,1,10081
h600_i0_raan0_el5,600,0.0000,0,5.0000,0.0000,590.5510,581.0660,600.0000,13.8571,153.4121,11.0295,11.1558,1.5409,10.8977,0,1,10081
h600_i10_raan0_el10,600,10.0000,10,10.0000,0.0000,590.6933,581.3517,599.9996,13.8571,110.4101,7.9446,9.0808,1.6207,6.1180,0,1,10081
h600_i10_raan0_el5,600,10.0000,10,5.0000,0.0000,590.6933,581.3517,599.9996,13.8571,142.4587,10.2455,11.1477,1.5757,8.8725,0,1,10081
h600_i10_raan45_el10,600,10.0000,10,10.0000,45.0000,590.6903,581.3458,599.9996,13.8571,110.8361,7.9985,9.0938,1.6198,6.1994,0,0,10081
h600_i10_raan45_el5,600,10.0000,10,5.0000,45.0000,590.6903,581.3458,599.9996,13.8571,142.5235,10.2852,11.1592,1.5751,8.9285,0,0,10081
h600_i10_raan90_el10,600,10.0000,10,10.0000,90.0000,590.6890,581.3432,599.9997,13.8571,111.0637,8.0149,9.0933,1.6190,6.2190,0,0,10081
h600_i10_raan90_el5,600,10.0000,10,5.0000,90.0000,590.6890,581.3432,599.9997,13.8571,142.6897,10.2972,11.1593,1.5745,8.9438,0,0,10081
h600_i10_raan135_el10,600,10.0000,10,10.0000,135.0000,590.6902,581.3457,599.9998,13.8571,110.6637,7.9860,9.0920,1.6197,6.1913,0,0,10081
h600_i10_raan135_el5,600,10.0000,10,5.0000,135.0000,590.6902,581.3457,599.9998,13.8571,142.3768,10.2746,11.1588,1.5750,8.9205,0,0,10081
h600_i10_raan180_el10,600,10.0000,10,10.0000,180.0000,590.6932,581.3517,599.9998,14.0000,111.2744,7.9659,9.0984,1.6206,6.1131,0,1,10081
h600_i10_raan180_el5,600,10.0000,10,5.0000,180.0000,590.6932,581.3517,599.9998,14.0000,143.2281,10.2595,11.1640,1.5756,8.8672,0,1,10081
h600_i10_raan225_el10,600,10.0000,10,10.0000,225.0000,590.6960,581.3574,599.9998,14.0000,111.4897,7.9636,9.0887,1.6216,6.0731,0,0,10081
h600_i10_raan225_el5,600,10.0000,10,5.0000,225.0000,590.6960,581.3574,599.9998,14.0000,143.6252,10.2589,11.1560,1.5763,8.8401,0,0,10081
h600_i10_raan270_el10,600,10.0000,10,10.0000,270.0000,590.6972,581.3597,599.9997,14.0000,111.2320,7.9451,9.0977,1.6221,6.0245,0,0,10081
h600_i10_raan270_el5,600,10.0000,10,5.0000,270.0000,590.6972,581.3597,599.9997,14.0000,143.4351,10.2454,11.1632,1.5767,8.8078,0,0,10081
h600_i10_raan315_el10,600,10.0000,10,10.0000,315.0000,590.6961,581.3574,599.9996,14.0000,110.7705,7.9122,9.0879,1.6218,6.0765,0,0,10081
h600_i10_raan315_el5,600,10.0000,10,5.0000,315.0000,590.6961,581.3574,599.9996,14.0000,143.0952,10.2211,11.1526,1.5765,8.8433,0,0,10081
h600_i20_raan0_el10,600,20.0000,20,10.0000,0.0000,591.1029,582.1754,599.9994,8.0000,54.7191,6.8399,9.0508,8.5138,1.5594,0,0,10081
h600_i20_raan0_el5,600,20.0000,20,5.0000,0.0000,591.1029,582.1754,599.9994,11.7143,92.7742,7.8986,11.1113,5.1100,1.8093,0,1,10081
h600_i20_raan45_el10,600,20.0000,20,10.0000,45.0000,591.0974,582.1642,599.9995,8.4286,56.4393,6.6962,9.0577,8.5136,0.5907,1,0,10081
h600_i20_raan45_el5,600,20.0000,20,5.0000,45.0000,591.0974,582.1642,599.9995,12.0000,95.2777,7.9398,11.1176,5.1040,1.2720,0,0,10081
h600_i20_raan90_el10,600,20.0000,20,10.0000,90.0000,591.0950,582.1595,599.9996,8.2857,56.5913,6.8300,9.0408,8.5131,0.1346,1,0,10081
h600_i20_raan90_el5,600,20.0000,20,5.0000,90.0000,591.0950,582.1595,599.9996,11.8571,95.7316,8.0737,11.1044,5.1034,2.7144,0,0,10081
h600_i20_raan135_el10,600,20.0000,20,10.0000,135.0000,591.0973,582.1642,599.9997,8.1429,54.7093,6.7187,9.0668,8.5133,0.4518,1,0,10081
h600_i20_raan135_el5,600,20.0000,20,5.0000,135.0000,591.0973,582.1642,599.9997,12.0000,94.0059,7.8338,11.1255,5.1063,0.1732,1,0,10081
h600_i20_raan180_el10,600,20.0000,20,10.0000,180.0000,591.1027,582.1755,599.9998,8.1429,55.3548,6.7980,9.0438,8.5139,2.0050,0,0,10081
h600_i20_raan180_el5,600,20.0000,20,5.0000,180.0000,591.1027,582.1755,599.9998,11.8571,93.7713,7.8910,11.1021,5.1127,1.3927,0,1,10081
h600_i20_raan225_el10,600,20.0000,20,10.0000,225.0000,591.1082,582.1864,599.9997,8.4286,56.9655,6.7586,9.0669,8.5144,0.8489,1,0,10081
h600_i20_raan225_el5,600,20.0000,20,5.0000,225.0000,591.1082,582.1864,599.9997,12.0000,94.9882,7.9157,11.1253,5.1152,1.1620,0,0,10081
h600_i20_raan270_el10,600,20.0000,20,10.0000,270.0000,591.1104,582.1908,599.9996,8.2857,56.2036,6.7832,9.0480,8.5145,0.8766,1,0,10081
h600_i20_raan270_el5,600,20.0000,20,5.0000,270.0000,591.1104,582.1908,599.9996,12.0000,94.5993,7.8833,11.1074,5.1170,1.0104,0,0,10081
h600_i20_raan315_el10,600,20.0000,20,10.0000,315.0000,591.1083,582.1863,599.9995,8.0000,54.0641,6.7580,9.0449,8.5144,0.6841,2,0,10081
h600_i20_raan315_el5,600,20.0000,20,5.0000,315.0000,591.1083,582.1863,599.9995,11.7143,92.2532,7.8753,11.1057,5.1154,1.1116,0,0,10081
h600_i45_raan0_el10,600,45.0000,45,10.0000,0.0000,592.9127,586.5689,599.9996,3.8571,24.5334,6.3605,8.8705,10.3081,0.6501,1,0,10081
h600_i45_raan0_el5,600,45.0000,45,5.0000,0.0000,592.9127,586.5689,599.9996,4.0000,36.4098,9.1024,10.9013,10.2477,5.9853,0,0,10081
h600_i45_raan45_el10,600,45.0000,45,10.0000,45.0000,592.9041,586.5462,599.9997,3.4286,24.8531,7.2488,8.8931,11.9319,4.6119,0,0,10081
h600_i45_raan45_el5,600,45.0000,45,5.0000,45.0000,592.9041,586.5462,599.9997,4.8571,38.9176,8.0124,10.9187,10.2359,1.8658,0,0,10081
h600_i45_raan90_el10,600,45.0000,45,10.0000,90.0000,592.9004,586.5413,599.9998,3.8571,24.0654,6.2392,8.8755,10.3086,0.1805,1,0,10081
h600_i45_raan90_el5,600,45.0000,45,5.0000,90.0000,592.9004,586.5413,599.9998,4.2857,37.2615,8.6944,10.9060,10.2443,1.0755,0,0,10081
h600_i45_raan135_el10,600,45.0000,45,10.0000,135.0000,592.9039,586.5572,599.9999,3.1429,23.4937,7.4753,8.8970,11.9320,5.1207,0,0,10081
h600_i45_raan135_el5,600,45.0000,45,5.0000,135.0000,592.9039,586.5572,599.9999,4.8571,37.8862,7.8001,10.9205,10.2344,1.8147,0,0,10081
h600_i45_raan180_el10,600,45.0000,45,10.0000,180.0000,592.9124,586.5845,599.9999,3.7143,24.2285,6.5231,8.8375,10.2979,2.0535,0,0,10081
h600_i45_raan180_el5,600,45.0000,45,5.0000,180.0000,592.9124,586.5845,599.9999,4.0000,36.2880,9.0720,10.8742,10.2450,6.2675,0,0,10081
h600_i45_raan225_el10,600,45.0000,45,10.0000,225.0000,592.9209,586.6070,599.9999,3.5714,26.1019,7.3085,8.8975,11.9318,4.9709,0,0,10081
h600_i45_raan225_el5,600,45.0000,45,5.0000,225.0000,592.9209,586.6070,599.9999,4.8571,39.4294,8.1178,10.9202,10.2353,0.7012,1,0,10081
h600_i45_raan270_el10,600,45.0000,45,10.0000,270.0000,592.9245,586.6117,599.9998,3.8571,25.5628,6.6274,8.8531,10.3028,1.6853,0,0,10081
h600_i45_raan270_el5,600,45.0000,45,5.0000,270.0000,592.9245,586.6117,599.9998,4.1429,37.8321,9.1319,10.8866,10.2468,6.1705,0,0,10081
h600_i45_raan315_el10,600,45.0000,45,10.0000,315.0000,592.9211,586.5959,599.9997,3.4286,24.8500,7.2479,8.8946,11.9319,4.7142,0,0,10081
h600_i45_raan315_el5,600,45.0000,45,5.0000,315.0000,592.9211,586.5959,599.9997,4.5714,37.7235,8.2520,10.9186,10.2361,2.1595,0,0,10081
h600_i51p6_raan0_el10,600,51.6000,51.6,10.0000,0.0000,593.4527,588.2227,599.9997,3.0000,21.6948,7.2316,8.7837,11.9389,3.1520,0,0,10081
h600_i51p6_raan0_el5,600,51.6000,51.6,5.0000,0.0000,593.4527,588.2227,599.9997,4.0000,33.7864,8.4466,10.8081,10.2791,1.6937,0,0,10081
h600_i51p6_raan45_el10,600,51.6000,51.6,10.0000,45.0000,593.4443,588.1995,599.9998,3.2857,22.6065,6.8802,8.8467,11.9361,2.8623,0,0,10081
h600_i51p6_raan45_el5,600,51.6000,51.6,5.0000,45.0000,593.4443,588.1995,599.9998,4.0000,34.0762,8.5191,10.8586,10.2902,2.1106,0,0,10081
h600_i51p6_raan90_el10,600,51.6000,51.6,10.0000,90.0000,593.4407,588.1960,599.9998,3.1429,21.6736,6.8962,8.8096,11.9373,1.8415,0,0,10081
h600_i51p6_raan90_el5,600,51.6000,51.6,5.0000,90.0000,593.4407,588.1960,599.9998,4.0000,33.8588,8.4647,10.8295,10.2746,2.8739,0,0,10081
h600_i51p6_raan135_el10,600,51.6000,51.6,10.0000,135.0000,593.4441,588.2142,599.9999,3.1429,21.8509,6.9525,8.8529,11.9378,1.2080,0,0,10081
h600_i51p6_raan135_el5,600,51.6000,51.6,5.0000,135.0000,593.4441,588.2142,599.9999,3.8571,32.4948,8.4246,10.8637,10.2854,0.5841,1,0,10081
h600_i51p6_raan180_el10,600,51.6000,51.6,10.0000,180.0000,593.4524,588.2436,600.0000,3.1429,21.6003,6.8728,8.8308,11.9371,1.6633,0,0,10081
h600_i51p6_raan180_el5,600,51.6000,51.6,5.0000,180.0000,593.4524,588.2436,600.0000,3.8571,33.0092,8.5579,10.8451,10.2933,2.7558,0,0,10081
h600_i51p6_raan225_el10,600,51.6000,51.6,10.0000,225.0000,593.4607,588.2666,599.9999,3.4286,23.3636,6.8144,8.8526,11.9374,1.3117,0,0,10081
h600_i51p6_raan225_el5,600,51.6000,51.6,5.0000,225.0000,593.4607,588.2666,599.9999,4.0000,34.8106,8.7026,10.8630,10.2923,2.7988,0,0,10081
h600_i51p6_raan270_el10,600,51.6000,51.6,10.0000,270.0000,593.4641,588.2699,599.9999,3.2857,22.6148,6.8828,8.8081,11.9390,2.0559,0,0,10081
h600_i51p6_raan270_el5,600,51.6000,51.6,5.0000,270.0000,593.4641,588.2699,599.9999,4.0000,34.5633,8.6408,10.8267,10.2867,3.6102,0,0,10081
h600_i51p6_raan315_el10,600,51.6000,51.6,10.0000,315.0000,593.4609,588.2518,599.9998,3.2857,22.4696,6.8386,8.8442,11.9367,2.7300,0,0,10081
h600_i51p6_raan315_el5,600,51.6000,51.6,5.0000,315.0000,593.4609,588.2518,599.9998,4.0000,33.2353,8.3088,10.8564,10.2767,0.8934,1,0,10081
h600_iSSO_raan0_el10,600,97.7880,SSO,10.0000,0.0000,595.1910,591.7750,599.9999,2.4286,17.1306,7.0538,8.3930,11.9624,2.1406,0,0,10081
h600_iSSO_raan0_el5,600,97.7880,SSO,5.0000,0.0000,595.1910,591.7750,599.9999,2.8571,24.6639,8.6324,10.3026,11.9180,3.5642,0,0,10081
h600_iSSO_raan45_el10,600,97.7880,SSO,10.0000,45.0000,595.1932,591.7718,599.9998,2.0000,15.3885,7.6943,8.3977,11.9585,3.0734,0,0,10081
h600_iSSO_raan45_el5,600,97.7880,SSO,5.0000,45.0000,595.1932,591.7718,599.9998,3.0000,23.3534,7.7845,10.3069,11.9189,1.2826,0,0,10081
h600_iSSO_raan90_el10,600,97.7880,SSO,10.0000,90.0000,595.1941,591.7606,599.9996,2.1429,16.4092,7.6576,8.3998,11.9606,3.8674,0,0,10081
h600_iSSO_raan90_el5,600,97.7880,SSO,5.0000,90.0000,595.1941,591.7606,599.9996,2.8571,24.0483,8.4169,10.3090,11.9182,2.9750,0,0,10081
h600_iSSO_raan135_el10,600,97.7880,SSO,10.0000,135.0000,595.1933,591.7482,599.9994,2.7143,17.8823,6.5882,8.3920,11.9560,1.9777,0,0,10081
h600_iSSO_raan135_el5,600,97.7880,SSO,5.0000,135.0000,595.1933,591.7482,599.9994,3.0000,25.7763,8.5921,10.3026,11.9185,4.3587,0,0,10081
h600_iSSO_raan180_el10,600,97.7880,SSO,10.0000,180.0000,595.1911,591.7417,599.9993,2.8571,18.1544,6.3540,8.3212,11.9591,3.4505,0,0,10081
h600_iSSO_raan180_el5,600,97.7880,SSO,5.0000,180.0000,595.1911,591.7417,599.9993,3.5714,28.3530,7.9388,10.2340,11.9172,2.2807,0,0,10081
h600_iSSO_raan225_el10,600,97.7880,SSO,10.0000,225.0000,595.1887,591.7447,599.9994,3.1429,18.2439,5.8049,8.2118,11.9549,0.8037,1,0,10081
h600_iSSO_raan225_el5,600,97.7880,SSO,5.0000,225.0000,595.1887,591.7447,599.9994,3.7143,29.3162,7.8928,10.1577,11.8961,3.9423,0,0,10081
h600_iSSO_raan270_el10,600,97.7880,SSO,10.0000,270.0000,595.1877,591.7557,599.9996,3.0000,18.1768,6.0589,8.1804,11.9615,1.5606,0,0,10081
h600_iSSO_raan270_el5,600,97.7880,SSO,5.0000,270.0000,595.1877,591.7557,599.9996,3.7143,29.2697,7.8803,10.1310,11.8955,3.2553,0,0,10081
h600_iSSO_raan315_el10,600,97.7880,SSO,10.0000,315.0000,595.1886,591.7683,599.9998,2.8571,18.3259,6.4141,8.3966,11.9577,2.7278,0,0,10081
h600_iSSO_raan315_el5,600,97.7880,SSO,5.0000,315.0000,595.1886,591.7683,599.9998,3.2857,27.1542,8.2643,10.3047,11.9194,2.6420,0,0,10081
h700_i0_raan0_el10,700,0.0000,0,10.0000,0.0000,690.6679,681.3335,700.0000,13.5714,138.3154,10.1396,10.2531,1.5955,10.0218,0,1,10081
h700_i0_raan0_el5,700,0.0000,0,5.0000,0.0000,690.6679,681.3335,700.0000,13.5714,167.9545,12.3121,12.4327,1.5595,12.1871,0,1,10081
h700_i10_raan0_el10,700,10.0000,10,10.0000,0.0000,690.8085,681.6152,699.9995,13.5714,125.7458,9.2209,10.2492,1.6361,7.6243,0,1,10081
h700_i10_raan0_el5,700,10.0000,10,5.0000,0.0000,690.8085,681.6152,699.9995,13.5714,158.0619,11.5896,12.4248,1.5914,10.3446,0,1,10081
h700_i10_raan45_el10,700,10.0000,10,10.0000,45.0000,690.8056,681.6094,699.9996,13.5714,125.7990,9.2694,10.2536,1.6353,7.6932,0,0,10081
h700_i10_raan45_el5,700,10.0000,10,5.0000,45.0000,690.8056,681.6094,699.9996,13.5714,157.7888,11.6265,12.4260,1.5909,10.4004,0,0,10081
h700_i10_raan90_el10,700,10.0000,10,10.0000,90.0000,690.8043,681.6068,699.9996,13.5714,126.0280,9.2863,10.2636,1.6349,7.6990,0,0,10081
h700_i10_raan90_el5,700,10.0000,10,5.0000,90.0000,690.8043,681.6068,699.9996,13.5714,157.9631,11.6394,12.4365,1.5906,10.3999,0,0,10081
h700_i10_raan135_el10,700,10.0000,10,10.0000,135.0000,690.8055,681.6092,699.9997,13.5714,125.6705,9.2599,10.2615,1.6351,7.6849,0,0,10081
h700_i10_raan135_el5,700,10.0000,10,5.0000,135.0000,690.8055,681.6092,699.9997,13.5714,157.6777,11.6184,12.4350,1.5906,10.3904,0,0,10081
h700_i10_raan180_el10,700,10.0000,10,10.0000,180.0000,690.8084,681.6150,699.9998,13.5714,125.4175,9.2413,10.2607,1.6359,7.6180,0,0,10081
h700_i10_raan180_el5,700,10.0000,10,5.0000,180.0000,690.8084,681.6150,699.9998,13.5714,157.4810,11.6039,12.4328,1.5913,10.3398,0,0,10081
h700_i10_raan225_el10,700,10.0000,10,10.0000,225.0000,690.8112,681.6206,699.9997,13.5714,125.3603,9.2371,10.2580,1.6370,7.5889,0,0,10081
h700_i10_raan225_el5,700,10.0000,10,5.0000,225.0000,690.8112,681.6206,699.9997,13.5714,157.4447,11.6012,12.4317,1.5921,10.3204,0,0,10081
h700_i10_raan270_el10,700,10.0000,10,10.0000,270.0000,690.8124,681.6230,699.9997,13.7143,126.4696,9.2157,10.2612,1.6374,7.5621,0,1,10081
h700_i10_raan270_el5,700,10.0000,10,5.0000,270.0000,690.8124,681.6230,699.9997,13.7143,158.7774,11.5849,12.4342,1.5924,10.3034,0,1,10081
h700_i10_raan315_el10,700,10.0000,10,10.0000,315.0000,690.8113,681.6208,699.9996,13.7143,126.0996,9.1948,10.2635,1.6369,7.5658,0,0,10081
h700_i10_raan315_el5,700,10.0000,10,5.0000,315.0000,690.8113,681.6208,699.9996,13.7143,158.6624,11.5691,12.4358,1.5920,10.3025,0,0,10081
h700_i20_raan0_el10,700,20.0000,20,10.0000,0.0000,691.2134,682.4300,699.9989,9.1429,69.3946,7.5549,10.2199,6.9634,1.5119,0,1,10081
h700_i20_raan0_el5,700,20.0000,20,5.0000,0.0000,691.2134,682.4300,699.9989,12.7143,114.6754,8.9760,12.3841,3.4600,1.2340,0,1,10081
h700_i20_raan45_el10,700,20.0000,20,10.0000,45.0000,691.2079,682.4190,699.9989,9.2857,70.8100,7.6257,10.2066,6.9650,0.9928,1,0,10081
h700_i20_raan45_el5,700,20.0000,20,5.0000,45.0000,691.2079,682.4190,699.9989,12.7143,116.5689,9.1683,12.3757,3.4596,0.9774,1,0,10081
h700_i20_raan90_el10,700,20.0000,20,10.0000,90.0000,691.2055,682.4146,699.9991,9.7143,72.5300,7.4663,10.2236,6.9626,2.0722,0,0,10081
h700_i20_raan90_el5,700,20.0000,20,5.0000,90.0000,691.2055,682.4146,699.9991,13.0000,117.5225,9.0402,12.3900,3.4567,1.5046,0,0,10081
h700_i20_raan135_el10,700,20.0000,20,10.0000,135.0000,691.2078,682.4196,699.9993,9.4286,70.1130,7.4362,10.2187,6.9637,0.6650,1,0,10081
h700_i20_raan135_el5,700,20.0000,20,5.0000,135.0000,691.2078,682.4196,699.9993,12.8571,115.9980,9.0221,12.3844,3.4584,1.0745,0,0,10081
h700_i20_raan180_el10,700,20.0000,20,10.0000,180.0000,691.2132,682.4309,699.9993,9.0000,69.2306,7.6923,10.1999,6.9654,1.3861,0,0,10081
h700_i20_raan180_el5,700,20.0000,20,5.0000,180.0000,691.2132,682.4309,699.9993,12.5714,115.2858,9.1705,12.3698,3.4622,2.6565,0,0,10081
h700_i20_raan225_el10,700,20.0000,20,10.0000,225.0000,691.2185,682.4417,699.9993,9.5714,71.1860,7.4373,10.2281,6.9641,0.9649,1,0,10081
h700_i20_raan225_el5,700,20.0000,20,5.0000,225.0000,691.2185,682.4417,699.9993,12.8571,115.4993,8.9833,12.3930,3.4625,0.7014,2,0,10081
h700_i20_raan270_el10,700,20.0000,20,10.0000,270.0000,691.2208,682.4458,699.9991,9.5714,70.9281,7.4130,10.2135,6.9667,0.8109,1,1,10081
h700_i20_raan270_el5,700,20.0000,20,5.0000,270.0000,691.2208,682.4458,699.9991,12.7143,115.7803,9.1153,12.3804,3.4678,2.0930,0,1,10081
h700_i20_raan315_el10,700,20.0000,20,10.0000,315.0000,691.2187,682.4411,699.9990,9.1429,68.8185,7.5270,10.2073,6.9659,1.4862,0,0,10081
h700_i20_raan315_el5,700,20.0000,20,5.0000,315.0000,691.2187,682.4411,699.9990,12.5714,114.0652,9.0734,12.3761,3.4670,2.0675,0,0,10081
h700_i45_raan0_el10,700,45.0000,45,10.0000,0.0000,693.0006,686.8061,699.9989,3.7143,29.8074,8.0251,10.0423,10.4982,3.6428,0,0,10081
h700_i45_raan0_el5,700,45.0000,45,5.0000,0.0000,693.0006,686.8061,699.9989,4.5714,43.7688,9.5744,12.1699,10.4445,1.5783,0,0,10081
h700_i45_raan45_el10,700,45.0000,45,10.0000,45.0000,692.9920,686.7839,699.9989,3.8571,30.2569,7.8444,10.0312,10.5055,2.4159,0,0,10081
h700_i45_raan45_el5,700,45.0000,45,5.0000,45.0000,692.9920,686.7839,699.9989,4.8571,45.5707,9.3822,12.1599,10.4426,0.1650,1,0,10081
h700_i45_raan90_el10,700,45.0000,45,10.0000,90.0000,692.9884,686.7793,699.9991,3.8571,30.2761,7.8494,10.0461,10.4987,2.3623,0,0,10081
h700_i45_raan90_el5,700,45.0000,45,5.0000,90.0000,692.9884,686.7793,699.9991,4.8571,45.7410,9.4173,12.1730,10.4439,2.5132,0,0,10081
h700_i45_raan135_el10,700,45.0000,45,10.0000,135.0000,692.9918,686.7950,699.9992,3.8571,29.4008,7.6224,10.0342,10.5008,1.4812,0,0,10081
h700_i45_raan135_el5,700,45.0000,45,5.0000,135.0000,692.9918,686.7950,699.9992,4.7143,44.2846,9.3937,12.1638,10.4434,2.0836,0,0,10081
h700_i45_raan180_el10,700,45.0000,45,10.0000,180.0000,693.0003,686.8219,699.9993,3.8571,29.5761,7.6679,10.0404,10.5022,0.4902,2,0,10081
h700_i45_raan180_el5,700,45.0000,45,5.0000,180.0000,693.0003,686.8219,699.9993,4.5714,44.0761,9.6416,12.1674,10.4434,2.3342,0,0,10081
h700_i45_raan225_el10,700,45.0000,45,10.0000,225.0000,693.0087,686.8439,699.9993,3.8571,31.6833,8.2142,10.0420,10.4981,4.1549,0,0,10081
h700_i45_raan225_el5,700,45.0000,45,5.0000,225.0000,693.0087,686.8439,699.9993,4.7143,45.7536,9.7053,12.1691,10.4449,0.8617,1,0,10081
h700_i45_raan270_el10,700,45.0000,45,10.0000,270.0000,693.0122,686.8483,699.9991,3.7143,29.6563,7.9844,10.0252,10.5077,1.9080,0,0,10081
h700_i45_raan270_el5,700,45.0000,45,5.0000,270.0000,693.0122,686.8483,699.9991,4.4286,43.7224,9.8728,12.1557,10.4435,4.8007,0,0,10081
h700_i45_raan315_el10,700,45.0000,45,10.0000,315.0000,693.0089,686.8327,699.9990,3.7143,29.5549,7.9571,10.0418,10.5016,1.0787,0,0,10081
h700_i45_raan315_el5,700,45.0000,45,5.0000,315.0000,693.0089,686.8327,699.9990,4.5714,44.0522,9.6364,12.1684,10.4439,2.5029,0,0,10081
h700_i51p6_raan0_el10,700,51.6000,51.6,10.0000,0.0000,693.5339,688.4263,699.9993,3.4286,26.8008,7.8169,9.9573,10.5487,1.2052,0,0,10081
h700_i51p6_raan0_el5,700,51.6000,51.6,5.0000,0.0000,693.5339,688.4263,699.9993,4.0000,39.5329,9.8832,12.0753,10.4678,5.5166,0,0,10081
h700_i51p6_raan45_el10,700,51.6000,51.6,10.0000,45.0000,693.5256,688.4030,699.9993,3.2857,26.9575,8.2045,9.9674,12.1901,5.1520,0,0,10081
h700_i51p6_raan45_el5,700,51.6000,51.6,5.0000,45.0000,693.5256,688.4030,699.9993,4.1429,40.3607,9.7422,12.0833,10.4687,5.1590,0,0,10081
h700_i51p6_raan90_el10,700,51.6000,51.6,10.0000,90.0000,693.5221,688.3989,699.9994,3.2857,26.2847,7.9997,9.9610,12.1901,1.6769,0,0,10081
h700_i51p6_raan90_el5,700,51.6000,51.6,5.0000,90.0000,693.5221,688.3989,699.9994,4.1429,40.2624,9.7185,12.0787,10.4676,5.4549,0,0,10081
h700_i51p6_raan135_el10,700,51.6000,51.6,10.0000,135.0000,693.5254,688.4166,699.9996,3.1429,25.9717,8.2637,9.9665,12.1901,5.1392,0,0,10081
h700_i51p6_raan135_el5,700,51.6000,51.6,5.0000,135.0000,693.5254,688.4166,699.9996,4.0000,39.1126,9.7781,12.0823,10.4687,5.2130,0,0,10081
h700_i51p6_raan180_el10,700,51.6000,51.6,10.0000,180.0000,693.5337,688.4455,699.9997,3.2857,26.3436,8.0176,9.9591,12.1901,1.5330,0,0,10081
h700_i51p6_raan180_el5,700,51.6000,51.6,5.0000,180.0000,693.5337,688.4455,699.9997,4.0000,39.2938,9.8234,12.0764,10.4680,5.4242,0,0,10081
h700_i51p6_raan225_el10,700,51.6000,51.6,10.0000,225.0000,693.5418,688.4686,699.9996,3.4286,28.2731,8.2463,9.9520,12.1901,5.0369,0,0,10081
h700_i51p6_raan225_el5,700,51.6000,51.6,5.0000,225.0000,693.5418,688.4686,699.9996,4.1429,41.3573,9.9828,12.0705,10.4676,5.6121,0,0,10081
h700_i51p6_raan270_el10,700,51.6000,51.6,10.0000,270.0000,693.5452,688.4725,699.9995,3.2857,26.7143,8.1304,9.9618,12.1902,5.1505,0,0,10081
h700_i51p6_raan270_el5,700,51.6000,51.6,5.0000,270.0000,693.5452,688.4725,699.9995,4.0000,39.4131,9.8533,12.0777,10.4691,5.2441,0,0,10081
h700_i51p6_raan315_el10,700,51.6000,51.6,10.0000,315.0000,693.5420,688.4550,699.9994,3.2857,26.4855,8.0608,9.9604,12.1902,1.6070,0,0,10081
h700_i51p6_raan315_el5,700,51.6000,51.6,5.0000,315.0000,693.5420,688.4550,699.9994,4.0000,39.3440,9.8360,12.0771,10.4686,5.3477,0,0,10081
h700_iSSO_raan0_el10,700,98.1880,SSO,10.0000,0.0000,695.2447,691.9250,700.0000,2.8571,21.0562,7.3697,9.4002,12.1900,2.6699,0,0,10081
h700_iSSO_raan0_el5,700,98.1880,SSO,5.0000,0.0000,695.2447,691.9250,700.0000,3.4286,30.8665,9.0027,11.4132,12.1316,1.0254,0,0,10081
h700_iSSO_raan45_el10,700,98.1880,SSO,10.0000,45.0000,695.2471,691.9218,700.0000,3.0000,21.0159,7.0053,9.4005,12.1899,0.3025,1,0,10081
h700_iSSO_raan45_el5,700,98.1880,SSO,5.0000,45.0000,695.2471,691.9218,700.0000,3.4286,30.6724,8.9461,11.4137,12.1316,1.1019,0,0,10081
h700_iSSO_raan90_el10,700,98.1880,SSO,10.0000,90.0000,695.2480,691.9107,699.9998,2.8571,21.0260,7.3591,9.4441,12.1906,0.0289,1,0,10081
h700_iSSO_raan90_el5,700,98.1880,SSO,5.0000,90.0000,695.2480,691.9107,699.9998,3.5714,31.2800,8.7584,11.4500,10.6205,1.0525,0,0,10081
h700_iSSO_raan135_el10,700,98.1880,SSO,10.0000,135.0000,695.2472,691.8983,699.9997,2.8571,21.5065,7.5273,9.4439,12.1938,3.0435,0,0,10081
h700_iSSO_raan135_el5,700,98.1880,SSO,5.0000,135.0000,695.2472,691.8983,699.9997,3.5714,31.9897,8.9571,11.4495,10.5933,1.9765,0,0,10081
h700_iSSO_raan180_el10,700,98.1880,SSO,10.0000,180.0000,695.2449,691.8917,699.9997,2.8571,21.7403,7.6091,9.4445,12.1914,4.5937,0,0,10081
h700_iSSO_raan180_el5,700,98.1880,SSO,5.0000,180.0000,695.2449,691.8917,699.9997,3.7143,32.3556,8.7111,11.4493,10.5923,2.3465,0,0,10081
h700_iSSO_raan225_el10,700,98.1880,SSO,10.0000,225.0000,695.2424,691.8947,699.9997,2.8571,21.6266,7.5693,9.4538,12.1924,3.8792,0,0,10081
h700_iSSO_raan225_el5,700,98.1880,SSO,5.0000,225.0000,695.2424,691.8947,699.9997,3.5714,32.0648,8.9781,11.4566,10.5866,3.2805,0,0,10081
h700_iSSO_raan270_el10,700,98.1880,SSO,10.0000,270.0000,695.2413,691.9056,699.9998,2.8571,21.6061,7.5621,9.4504,12.1927,3.7147,0,0,10081
h700_iSSO_raan270_el5,700,98.1880,SSO,5.0000,270.0000,695.2413,691.9056,699.9998,3.5714,32.0240,8.9667,11.4534,10.6026,3.0053,0,0,10081
h700_iSSO_raan315_el10,700,98.1880,SSO,10.0000,315.0000,695.2423,691.9182,700.0000,2.8571,21.3729,7.4805,9.4477,12.1929,2.5525,0,0,10081
h700_iSSO_raan315_el5,700,98.1880,SSO,5.0000,315.0000,695.2423,691.9182,700.0000,3.4286,31.2105,9.1031,11.4511,12.1316,2.7991,0,0,10081
h800_i0_raan0_el10,800,0.0000,0,10.0000,0.0000,790.7984,781.5935,800.0000,13.4286,150.8915,11.2833,11.3928,1.6168,11.1695,0,1,10081
h800_i0_raan0_el5,800,0.0000,0,5.0000,0.0000,790.7984,781.5935,800.0000,13.4286,181.2427,13.5556,13.6714,1.5791,13.4353,0,1,10081
h800_i10_raan0_el10,800,10.0000,10,10.0000,0.0000,790.9370,781.8714,799.9995,13.4286,139.5440,10.4365,11.3631,1.6525,8.9840,0,1,10081
h800_i10_raan0_el5,800,10.0000,10,5.0000,0.0000,790.9370,781.8714,799.9995,13.4286,172.1702,12.8790,13.6418,1.6077,11.7211,0,1,10081
h800_i10_raan45_el10,800,10.0000,10,10.0000,45.0000,790.9341,781.8656,799.9995,13.2857,139.2453,10.4808,11.3989,1.6529,9.0594,0,0,10081
h800_i10_raan45_el5,800,10.0000,10,5.0000,45.0000,790.9341,781.8656,799.9995,13.2857,171.5663,12.9136,13.6713,1.6081,11.7791,0,0,10081
h800_i10_raan90_el10,800,10.0000,10,10.0000,90.0000,790.9329,781.8631,799.9996,13.2857,139.4671,10.4975,11.3979,1.6531,9.1568,0,0,10081
h800_i10_raan90_el5,800,10.0000,10,5.0000,90.0000,790.9329,781.8631,799.9996,13.2857,171.7392,12.9266,13.6702,1.6083,11.8533,0,0,10081
h800_i10_raan135_el10,800,10.0000,10,10.0000,135.0000,790.9340,781.8655,799.9997,13.2857,139.1447,10.4733,11.3716,1.6532,9.0758,0,0,10081
h800_i10_raan135_el5,800,10.0000,10,5.0000,135.0000,790.9340,781.8655,799.9997,13.2857,171.4786,12.9070,13.6482,1.6083,11.7912,0,0,10081
h800_i10_raan180_el10,800,10.0000,10,10.0000,180.0000,790.9369,781.8713,799.9998,13.2857,138.9129,10.4558,11.3409,1.6527,8.9892,0,0,10081
h800_i10_raan180_el5,800,10.0000,10,5.0000,180.0000,790.9369,781.8713,799.9998,13.2857,171.2942,12.8931,13.6231,1.6080,11.7251,0,0,10081
h800_i10_raan225_el10,800,10.0000,10,10.0000,225.0000,790.9397,781.8769,799.9997,13.2857,138.8725,10.4528,11.3966,1.6543,8.9540,0,0,10081
h800_i10_raan225_el5,800,10.0000,10,5.0000,225.0000,790.9397,781.8769,799.9997,13.2857,171.2669,12.8911,13.6691,1.6091,11.6991,0,0,10081
h800_i10_raan270_el10,800,10.0000,10,10.0000,270.0000,790.9409,781.8791,799.9996,13.2857,138.6132,10.4332,11.3968,1.6553,9.0206,0,0,10081
h800_i10_raan270_el5,800,10.0000,10,5.0000,270.0000,790.9409,781.8791,799.9996,13.2857,171.0653,12.8759,13.6694,1.6100,11.7495,0,0,10081
h800_i10_raan315_el10,800,10.0000,10,10.0000,315.0000,790.9398,781.8769,799.9995,13.4286,139.3974,10.4169,11.3599,1.6547,8.9729,0,1,10081
h800_i10_raan315_el5,800,10.0000,10,5.0000,315.0000,790.9398,781.8769,799.9995,13.4286,172.0805,12.8636,13.6391,1.6095,11.7147,0,1,10081
h800_i20_raan0_el10,800,20.0000,20,10.0000,0.0000,791.3361,782.6811,799.9986,11.0000,86.3665,7.8973,11.3039,7.0968,1.3578,0,1,10081
h800_i20_raan0_el5,800,20.0000,20,5.0000,0.0000,791.3361,782.6811,799.9986,13.4286,136.9742,10.2460,13.5778,1.7188,4.4007,0,1,10081
h800_i20_raan45_el10,800,20.0000,20,10.0000,45.0000,791.3307,782.6702,799.9987,11.2857,90.5594,8.0243,11.3597,5.3428,2.1865,0,0,10081
h800_i20_raan45_el5,800,20.0000,20,5.0000,45.0000,791.3307,782.6702,799.9987,13.2857,138.2670,10.4072,13.6239,1.7203,4.6881,0,0,10081
h800_i20_raan90_el10,800,20.0000,20,10.0000,90.0000,791.3284,782.6660,799.9988,11.2857,91.5503,8.1121,11.3215,5.3363,2.3724,0,0,10081
h800_i20_raan90_el5,800,20.0000,20,5.0000,90.0000,791.3284,782.6660,799.9988,13.2857,138.8040,10.4476,13.5890,1.7214,5.2458,0,0,10081
h800_i20_raan135_el10,800,20.0000,20,10.0000,135.0000,791.3306,782.6712,799.9990,11.2857,89.0389,7.8895,11.2339,5.3457,2.3593,0,0,10081
h800_i20_raan135_el5,800,20.0000,20,5.0000,135.0000,791.3306,782.6712,799.9990,13.2857,137.5875,10.3560,13.5055,1.7220,4.8010,0,0,10081
h800_i20_raan180_el10,800,20.0000,20,10.0000,180.0000,791.3359,782.6826,799.9991,11.0000,86.8681,7.8971,11.2709,7.0968,1.3939,0,0,10081
h800_i20_raan180_el5,800,20.0000,20,5.0000,180.0000,791.3359,782.6826,799.9991,13.2857,137.0463,10.3153,13.5505,1.7195,4.4232,0,0,10081
h800_i20_raan225_el10,800,20.0000,20,10.0000,225.0000,791.3412,782.6933,799.9991,11.2857,89.1471,7.8991,11.3591,5.3506,1.3160,0,0,10081
h800_i20_raan225_el5,800,20.0000,20,5.0000,225.0000,791.3412,782.6933,799.9991,13.2857,137.2900,10.3337,13.6227,1.7249,4.2573,0,0,10081
h800_i20_raan270_el10,800,20.0000,20,10.0000,270.0000,791.3434,782.6972,799.9989,11.2857,88.7715,7.8658,11.3205,5.3410,1.2405,0,0,10081
h800_i20_raan270_el5,800,20.0000,20,5.0000,270.0000,791.3434,782.6972,799.9989,13.2857,136.5937,10.2812,13.5859,1.7285,4.7494,0,0,10081
h800_i20_raan315_el10,800,20.0000,20,10.0000,315.0000,791.3413,782.6922,799.9987,11.0000,86.5092,7.8346,11.2432,5.3517,1.7749,0,1,10081
h800_i20_raan315_el5,800,20.0000,20,5.0000,315.0000,791.3413,782.6922,799.9987,13.2857,135.9640,10.1906,13.4988,1.7272,4.4154,0,1,10081
h800_i45_raan0_el10,800,45.0000,45,10.0000,0.0000,793.0990,787.0346,799.9991,4.0000,35.5094,8.8773,11.0394,10.6987,2.4145,0,0,10081
h800_i45_raan0_el5,800,45.0000,45,5.0000,0.0000,793.0990,787.0346,799.9991,4.7143,50.8048,10.7768,13.2836,10.6539,4.2152,0,0,10081
h800_i45_raan45_el10,800,45.0000,45,10.0000,45.0000,793.0906,787.0127,799.9992,4.2857,36.9128,8.6130,11.1553,10.6979,2.0800,0,0,10081
h800_i45_raan45_el5,800,45.0000,45,5.0000,45.0000,793.0906,787.0127,799.9992,4.8571,52.4972,10.8083,13.3787,10.6537,4.0734,0,0,10081
h800_i45_raan90_el10,800,45.0000,45,10.0000,90.0000,793.0870,787.0082,799.9993,4.1429,35.7985,8.6410,11.1503,10.7015,3.0158,0,0,10081
h800_i45_raan90_el5,800,45.0000,45,5.0000,90.0000,793.0870,787.0082,799.9993,5.4286,54.1256,9.9705,13.3736,8.9703,0.4154,1,0,10081
h800_i45_raan135_el10,800,45.0000,45,10.0000,135.0000,793.0904,787.0237,799.9995,4.0000,34.6737,8.6684,11.1337,10.7004,3.2633,0,0,10081
h800_i45_raan135_el5,800,45.0000,45,5.0000,135.0000,793.0904,787.0237,799.9995,5.2857,52.2766,9.8902,13.3589,8.9806,1.3641,0,0,10081
h800_i45_raan180_el10,800,45.0000,45,10.0000,180.0000,793.0987,787.0502,799.9995,4.0000,35.7853,8.9463,11.0248,10.7019,2.3802,0,0,10081
h800_i45_raan180_el5,800,45.0000,45,5.0000,180.0000,793.0987,787.0502,799.9995,4.7143,50.4840,10.7087,13.2389,10.6534,2.5168,0,0,10081
h800_i45_raan225_el10,800,45.0000,45,10.0000,225.0000,793.1070,787.0719,799.9995,4.1429,37.5491,9.0636,11.1447,10.7003,3.4911,0,0,10081
h800_i45_raan225_el5,800,45.0000,45,5.0000,225.0000,793.1070,787.0719,799.9995,5.0000,53.0036,10.6007,13.3694,10.6537,0.4436,1,0,10081
h800_i45_raan270_el10,800,45.0000,45,10.0000,270.0000,793.1104,787.0762,799.9994,4.0000,34.9297,8.7324,11.1465,10.6993,2.8364,0,0,10081
h800_i45_raan270_el5,800,45.0000,45,5.0000,270.0000,793.1104,787.0762,799.9994,5.0000,51.8151,10.3630,13.3699,8.9632,3.2873,0,0,10081
h800_i45_raan315_el10,800,45.0000,45,10.0000,315.0000,793.1072,787.0608,799.9992,4.1429,34.9688,8.4407,11.0967,10.6982,1.0124,0,0,10081
h800_i45_raan315_el5,800,45.0000,45,5.0000,315.0000,793.1072,787.0608,799.9992,5.0000,51.6598,10.3320,13.3286,8.9689,3.5553,0,0,10081
h800_i51p6_raan0_el10,800,51.6000,51.6,10.0000,0.0000,793.6254,788.6221,799.9993,3.7143,32.2510,8.6830,10.9573,10.7219,3.2645,0,0,10081
h800_i51p6_raan0_el5,800,51.6000,51.6,5.0000,0.0000,793.6254,788.6221,799.9993,4.2857,45.7253,10.6692,13.1797,10.6687,2.6232,0,0,10081
h800_i51p6_raan45_el10,800,51.6000,51.6,10.0000,45.0000,793.6172,788.5994,799.9993,3.8571,32.6534,8.4657,11.0817,10.7180,1.3863,0,0,10081
h800_i51p6_raan45_el5,800,51.6000,51.6,5.0000,45.0000,793.6172,788.5994,799.9993,4.5714,47.6614,10.4259,13.2907,10.6708,2.5987,0,0,10081
h800_i51p6_raan90_el10,800,51.6000,51.6,10.0000,90.0000,793.6136,788.5954,799.9994,3.8571,32.4036,8.4009,11.0799,10.7233,1.1842,0,0,10081
h800_i51p6_raan90_el5,800,51.6000,51.6,5.0000,90.0000,793.6136,788.5954,799.9994,4.5714,47.4085,10.3706,13.2894,10.6681,2.5560,0,0,10081
h800_i51p6_raan135_el10,800,51.6000,51.6,10.0000,135.0000,793.6170,788.6127,799.9996,3.4286,30.4713,8.8875,11.0653,10.7239,2.7237,0,0,10081
h800_i51p6_raan135_el5,800,51.6000,51.6,5.0000,135.0000,793.6170,788.6127,799.9996,4.5714,46.1132,10.0873,13.2771,10.6682,1.7859,0,0,10081
h800_i51p6_raan180_el10,800,51.6000,51.6,10.0000,180.0000,793.6251,788.6410,799.9997,3.7143,32.3514,8.7100,10.9616,10.7288,2.7340,0,0,10081
h800_i51p6_raan180_el5,800,51.6000,51.6,5.0000,180.0000,793.6251,788.6410,799.9997,4.2857,45.7516,10.6754,13.1620,10.6706,2.0854,0,0,10081
h800_i51p6_raan225_el10,800,51.6000,51.6,10.0000,225.0000,793.6331,788.6635,799.9997,3.7143,33.7674,9.0912,11.0726,10.7229,3.9052,0,0,10081
h800_i51p6_raan225_el5,800,51.6000,51.6,5.0000,225.0000,793.6331,788.6635,799.9997,4.5714,48.3553,10.5777,13.2826,10.6697,3.1808,0,0,10081
h800_i51p6_raan270_el10,800,51.6000,51.6,10.0000,270.0000,793.6365,788.6672,799.9995,3.7143,31.7608,8.5510,11.0707,10.7269,1.0876,0,0,10081
h800_i51p6_raan270_el5,800,51.6000,51.6,5.0000,270.0000,793.6365,788.6672,799.9995,4.4286,45.7828,10.3380,13.2803,10.6702,0.6929,1,0,10081
h800_i51p6_raan315_el10,800,51.6000,51.6,10.0000,315.0000,793.6333,788.6502,799.9994,3.5714,31.2257,8.7432,11.0774,10.7260,2.0494,0,0,10081
h800_i51p6_raan315_el5,800,51.6000,51.6,5.0000,315.0000,793.6333,788.6502,799.9994,4.5714,46.1998,10.1062,13.2857,10.6699,1.4738,0,0,10081
h800_iSSO_raan0_el10,800,98.6030,SSO,10.0000,0.0000,795.3024,792.0701,799.9998,3.1429,25.5674,8.1351,10.4689,12.4091,2.4699,0,0,10081
h800_iSSO_raan0_el5,800,98.6030,SSO,5.0000,0.0000,795.3024,792.0701,799.9998,3.7143,36.7716,9.9001,12.5603,10.7651,3.3947,0,0,10081
h800_iSSO_raan45_el10,800,98.6030,SSO,10.0000,45.0000,795.3048,792.0671,799.9997,3.0000,25.1850,8.3950,10.4720,12.4347,2.4119,0,0,10081
h800_iSSO_raan45_el5,800,98.6030,SSO,5.0000,45.0000,795.3048,792.0671,799.9997,3.7143,36.4301,9.8081,12.5636,10.7727,1.2046,0,0,10081
h800_iSSO_raan90_el10,800,98.6030,SSO,10.0000,90.0000,795.3058,792.0560,799.9995,3.1429,25.5503,8.1296,10.4725,12.4091,2.5262,0,0,10081
h800_iSSO_raan90_el5,800,98.6030,SSO,5.0000,90.0000,795.3058,792.0560,799.9995,3.7143,36.7842,9.9034,12.5640,10.7645,3.5777,0,0,10081
h800_iSSO_raan135_el10,800,98.6030,SSO,10.0000,135.0000,795.3048,792.0435,799.9993,3.0000,25.1363,8.3788,10.4671,12.4347,2.0868,0,0,10081
h800_iSSO_raan135_el5,800,98.6030,SSO,5.0000,135.0000,795.3048,792.0435,799.9993,3.7143,36.4269,9.8072,12.5592,10.7725,1.3135,0,0,10081
h800_iSSO_raan180_el10,800,98.6030,SSO,10.0000,180.0000,795.3025,792.0368,799.9993,3.1429,25.5790,8.1388,10.4690,12.4090,2.6298,0,0,10081
h800_iSSO_raan180_el5,800,98.6030,SSO,5.0000,180.0000,795.3025,792.0368,799.9993,3.7143,36.7767,9.9014,12.5599,10.7648,3.5123,0,0,10081
h800_iSSO_raan225_el10,800,98.6030,SSO,10.0000,225.0000,795.2999,792.0396,799.9993,3.0000,25.1894,8.3965,10.4685,12.4095,2.4928,0,0,10081
h800_iSSO_raan225_el5,800,98.6030,SSO,5.0000,225.0000,795.2999,792.0396,799.9993,3.7143,36.4194,9.8052,12.5596,10.7732,1.0723,0,0,10081
h800_iSSO_raan270_el10,800,98.6030,SSO,10.0000,270.0000,795.2988,792.0505,799.9995,3.1429,25.5662,8.1347,10.4652,12.4090,2.4208,0,0,10081
h800_iSSO_raan270_el5,800,98.6030,SSO,5.0000,270.0000,795.2988,792.0505,799.9995,3.7143,36.7873,9.9043,12.5563,10.7628,3.4369,0,0,10081
h800_iSSO_raan315_el10,800,98.6030,SSO,10.0000,315.0000,795.2999,792.0632,799.9997,3.0000,25.2003,8.4001,10.4698,12.4346,2.5627,0,0,10081
h800_iSSO_raan315_el5,800,98.6030,SSO,5.0000,315.0000,795.2999,792.0632,799.9997,3.7143,36.4072,9.8019,12.5607,10.7733,0.8445,1,0,10081
