nominal_altitude_km,inclination_deg,orbit_label,elevation_mask_deg,mean8_passes_per_day,mean4_passes_per_day,raan0_passes_per_day,mean8_contact_min_per_day,mean4_contact_min_per_day,raan0_contact_min_per_day,mean8_mean_pass_min,mean4_mean_pass_min,raan0_mean_pass_min,mean8_max_pass_min,mean4_max_pass_min,raan0_max_pass_min,mean8_longest_gap_h,mean4_longest_gap_h,raan0_longest_gap_h
400,10.0000,10,10.0000,14.5893,14.5714,14.5714,72.8509,72.7807,72.0269,4.9921,4.9919,4.9430,6.6178,6.6177,6.6205,1.6124,1.6124,1.6127
400,10.0000,10,5.0000,14.5893,14.5714,14.5714,106.2070,106.1148,105.6292,7.2774,7.2774,7.2491,8.4308,8.4308,8.4339,1.5541,1.5541,1.5544
400,20.0000,20,10.0000,6.0357,5.9643,5.8571,30.4494,30.3738,29.8431,5.0465,5.0951,5.0952,6.5883,6.5866,6.6006,9.7880,9.7884,9.7892
400,20.0000,20,5.0000,8.2679,8.2500,8.0000,51.6856,51.5802,50.2998,6.2514,6.2520,6.2875,8.3950,8.3931,8.4061,8.1400,8.1402,8.1407
400,45.0000,45,10.0000,2.8214,2.8214,3.0000,14.1743,14.1245,13.8978,5.0340,5.0203,4.6326,6.4664,6.4611,6.4951,11.4541,11.4512,11.4572
400,45.0000,45,5.0000,3.6250,3.6071,3.4286,23.2133,23.1023,23.1002,6.4193,6.4293,6.7376,8.2476,8.2432,8.2715,11.4074,11.4073,11.4075
400,51.6000,51.6,10.0000,2.5179,2.5000,2.2857,12.7256,12.5787,12.1176,5.0695,5.0576,5.3014,6.3847,6.3714,6.4550,11.4729,11.4716,11.4767
400,51.6000,51.6,5.0000,3.2679,3.2857,3.4286,20.8849,20.7174,21.1029,6.4002,6.3122,6.1550,8.1665,8.1562,8.2211,11.4184,11.4182,11.4167
400,97.0300,SSO,10.0000,2.1250,2.1071,2.0000,10.1612,10.1404,10.0706,4.7930,4.8255,5.0353,6.1252,6.1273,6.1421,13.0261,13.0289,13.0289
400,97.0300,SSO,5.0000,2.6785,2.6785,2.5714,16.5117,16.5160,16.3730,6.1742,6.1757,6.3673,7.8102,7.8117,7.8234,11.4805,11.4805,11.4881
500,10.0000,10,10.0000,14.2500,14.2500,14.1429,93.9437,93.9702,92.9371,6.5923,6.5938,6.5691,7.8607,7.8594,7.8640,1.6093,1.6093,1.6100
500,10.0000,10,5.0000,14.2500,14.2500,14.1429,125.9424,125.9819,124.9449,8.8364,8.8375,8.8210,9.8125,9.8107,9.8172,1.5622,1.5622,1.5628
500,20.0000,20,10.0000,7.1250,7.1071,7.0000,42.4432,42.5000,41.9292,5.9583,5.9806,5.9899,7.8058,7.8093,7.7412,8.3525,8.3525,8.3528
500,20.0000,20,5.0000,9.8393,9.8214,9.5714,70.6658,70.6508,69.0020,7.1828,7.1951,7.2092,9.7490,9.7491,9.6751,6.6601,6.6603,6.6631
500,45.0000,45,10.0000,3.2143,3.2500,4.0000,19.2350,19.1842,23.4315,6.2097,6.1177,5.8579,7.3785,7.3529,6.7153,10.8815,10.8830,10.0696
500,45.0000,45,5.0000,4.0179,4.0000,4.0000,30.1909,29.9604,32.8846,7.5029,7.4769,8.2211,9.3494,9.3253,8.8156,10.4396,10.4390,10.0278
500,51.6000,51.6,10.0000,2.8750,2.7500,4.0000,17.3825,17.0238,21.6366,6.3707,6.4608,5.4092,7.2206,7.2097,6.4327,11.2936,11.2927,10.0934
500,51.6000,51.6,5.0000,3.6607,3.6429,4.0000,27.1859,27.0810,31.5502,7.4612,7.5033,7.8875,9.2088,9.2045,8.6249,10.6577,10.4608,10.0490
500,97.4020,SSO,10.0000,2.4286,2.4286,2.4286,13.7523,13.7941,13.9719,5.6898,5.7093,5.7532,7.2701,7.2607,7.2949,11.7401,11.7402,11.7275
500,97.4020,SSO,5.0000,3.0000,3.0357,3.0000,21.4829,21.5153,21.1058,7.1671,7.0888,7.0353,9.0773,9.0678,9.0987,11.6884,11.6876,11.6887
600,10.0000,10,10.0000,13.9286,13.9286,13.8571,110.9675,110.9950,110.4101,7.9664,7.9676,7.9446,9.0916,9.0925,9.0808,1.6207,1.6206,1.6207
600,10.0000,10,5.0000,13.9286,13.9286,13.8571,142.9290,142.9529,142.4587,10.2609,10.2619,10.2455,11.1576,11.1586,11.1477,1.5757,1.5756,1.5757
600,20.0000,20,10.0000,8.2143,8.1786,8.0000,55.6309,55.7172,54.7191,6.7728,6.8128,6.8399,9.0525,9.0458,9.0508,8.5139,8.5138,8.5138
600,20.0000,20,5.0000,11.8929,11.8571,11.7143,94.1752,94.2191,92.7742,7.9139,7.9367,7.8986,11.1124,11.1063,11.1113,5.1105,5.1108,5.1100
600,45.0000,45,10.0000,3.6071,3.8214,3.8571,24.7111,24.5975,24.5334,6.8788,6.4375,6.3605,8.8773,8.8591,8.8705,11.1181,10.3043,10.3081
600,45.0000,45,5.0000,4.4464,4.1071,4.0000,37.7185,36.9479,36.4098,8.5229,9.0002,9.1024,10.9058,10.8920,10.9013,10.2407,10.2460,10.2477
600,51.6000,51.6,10.0000,3.2143,3.1429,3.0000,22.2343,21.8959,21.6948,6.9211,6.9708,7.2316,8.8286,8.8080,8.7837,11.9375,11.9381,11.9389
600,51.6000,51.6,5.0000,3.9643,3.9643,4.0000,33.7293,33.8044,33.7864,8.5081,8.5275,8.4466,10.8439,10.8274,10.8081,10.2848,10.2834,10.2791
600,97.7880,SSO,10.0000,2.6429,2.6071,2.4286,17.4640,17.4677,17.1306,6.7032,6.7811,7.0538,8.3366,8.3236,8.3930,11.9588,11.9609,11.9624
600,97.7880,SSO,5.0000,3.2500,3.2500,2.8571,26.4919,26.5837,24.6639,8.1753,8.2171,8.6324,10.2561,10.2441,10.3026,11.9127,11.9122,11.9180
700,10.0000,10,10.0000,13.6071,13.6071,13.5714,125.8238,125.9152,125.7458,9.2407,9.2410,9.2209,10.2589,10.2587,10.2492,1.6361,1.6361,1.6361
700,10.0000,10,5.0000,13.6071,13.6071,13.5714,157.9821,158.0709,158.0619,11.6041,11.6044,11.5896,12.4321,12.4321,12.4248,1.5914,1.5914,1.5914
700,20.0000,20,10.0000,9.3572,9.3572,9.1429,70.3764,70.5208,69.3946,7.5191,7.5316,7.5549,10.2147,10.2142,10.2199,6.9646,6.9645,6.9634
700,20.0000,20,5.0000,12.7500,12.7500,12.7143,115.6744,115.8160,114.6754,9.0686,9.0755,8.9760,12.3817,12.3811,12.3841,3.4618,3.4617,3.4600
700,45.0000,45,10.0000,3.8036,3.7857,3.7143,30.0265,29.8290,29.8074,7.8956,7.8817,8.0251,10.0379,10.0385,10.0423,10.5016,10.5017,10.4982
700,45.0000,45,5.0000,4.6607,4.6071,4.5714,44.6212,44.3271,43.7688,9.5780,9.6265,9.5744,12.1659,12.1665,12.1699,10.4438,10.4438,10.4445
700,51.6000,51.6,10.0000,3.3036,3.3214,3.4286,26.7289,26.5358,26.8008,8.0925,7.9912,7.8169,9.9607,9.9598,9.9573,11.9849,11.7798,10.5487
700,51.6000,51.6,5.0000,4.0536,4.0357,4.0000,39.8346,39.6256,39.5329,9.8272,9.8196,9.8832,12.0777,12.0770,12.0753,10.4683,10.4681,10.4678
700,98.1880,SSO,10.0000,2.8750,2.8571,2.8571,21.3688,21.3572,21.0562,7.4353,7.4750,7.3697,9.4356,9.4348,9.4002,12.1917,12.1912,12.1900
700,98.1880,SSO,5.0000,3.5357,3.5714,3.4286,31.5579,31.6315,30.8665,8.9279,8.8597,9.0027,11.4421,11.4415,11.4132,11.1738,10.9868,12.1316
800,10.0000,10,10.0000,13.3214,13.3214,13.4286,139.1496,139.1343,139.5440,10.4558,10.4558,10.4365,11.3782,11.3747,11.3631,1.6536,1.6534,1.6525
800,10.0000,10,5.0000,13.3214,13.3214,13.4286,171.5827,171.5672,172.1702,12.8937,12.8937,12.8790,13.6540,13.6511,13.6418,1.6086,1.6085,1.6077
800,20.0000,20,10.0000,11.1786,11.1428,11.0000,88.6014,88.3891,86.3665,7.9275,7.9431,7.8973,11.3016,11.3042,11.3039,5.7827,6.2177,7.0968
800,20.0000,20,5.0000,13.3036,13.3214,13.4286,137.3158,137.3545,136.9742,10.3222,10.3225,10.2460,13.5693,13.5758,13.5778,1.7228,1.7220,1.7188
800,45.0000,45,10.0000,4.0893,4.0357,4.0000,35.7659,35.5057,35.5094,8.7478,8.7993,8.8773,11.1114,11.0903,11.0394,10.6998,10.7004,10.6987
800,45.0000,45,5.0000,5.0000,4.9643,4.7143,52.0833,51.8074,50.8048,10.4313,10.4548,10.7768,13.3377,13.3165,13.2836,9.8122,9.8102,10.6539
800,51.6000,51.6,10.0000,3.6964,3.7500,3.7143,32.1106,32.1917,32.2510,8.6916,8.5862,8.6830,11.0458,11.0174,10.9573,10.7240,10.7252,10.7219
800,51.6000,51.6,5.0000,4.4821,4.3929,4.2857,46.6247,46.1671,45.7253,10.4063,10.5133,10.6692,13.2559,13.2279,13.1797,10.6695,10.6694,10.6687
800,98.6030,SSO,10.0000,3.0715,3.1429,3.1429,25.3717,25.5657,25.5674,8.2636,8.1345,8.1351,10.4691,10.4689,10.4689,12.4187,12.4091,12.4091
800,98.6030,SSO,5.0000,3.7143,3.7143,3.7143,36.6004,36.7799,36.7716,9.8540,9.9023,9.9001,12.5605,12.5601,12.5603,10.7686,10.7643,10.7651
