nominal_altitude_km,mean_alt_km,min_alt_km,max_alt_km,inclination_deg,elevation_mask_deg,passes_per_day,contact_min_per_day,mean_pass_min,max_pass_min,longest_gap_h,orbit_label,case_id,min_pass_min,n_truncated,n_state_samples
400,390.2667,380.5073,400.0000,0.0000,10.0000,14.5714,94.2155,6.4658,6.6017,1.5382,0,h400_i0_el10,6.3246,0,10081
400,390.4133,380.8017,400.0000,10.0000,10.0000,14.5714,72.4806,4.9742,6.6205,1.6127,10,h400_i10_el10,1.5791,0,10081
400,390.8354,381.6484,400.0000,20.0000,10.0000,5.8571,29.8431,5.0952,6.6006,9.7892,20,h400_i20_el10,0.8890,0,10081
400,392.7005,386.0695,400.0000,45.0000,10.0000,3.0000,13.8978,4.6326,6.4951,11.4572,45,h400_i45_el10,0.8317,0,10081
400,393.2572,387.7923,400.0000,51.6000,10.0000,2.2857,12.1176,5.3014,6.4550,11.4767,51.6,h400_i51p6_el10,2.6027,0,10081
400,395.0659,391.4495,400.0000,97.0300,10.0000,2.0000,10.0706,5.0353,6.1421,13.0289,SSO,h400_iSSO_el10,2.9281,0,10081
500,490.3892,480.7907,500.0000,0.0000,10.0000,14.2857,110.6419,7.7449,7.8711,1.5560,0,h500_i0_el10,7.6135,0,10081
500,490.5341,481.0811,500.0000,10.0000,10.0000,14.2857,93.8200,6.5674,7.8640,1.6100,10,h500_i10_el10,4.4562,0,10081
500,490.9512,481.9154,500.0000,20.0000,10.0000,7.1429,42.0362,5.8851,7.7412,8.3528,20,h500_i20_el10,0.7490,0,10081
500,492.7931,486.3239,500.0000,45.0000,10.0000,4.0000,23.4315,5.8579,6.7153,10.0696,45,h500_i45_el10,4.5018,0,10081
500,493.3432,488.0097,500.0000,51.6000,10.0000,4.0000,21.6366,5.4092,6.4327,10.0934,51.6,h500_i51p6_el10,4.2143,0,10081
500,495.1245,491.6153,500.0000,97.4020,10.0000,2.4286,13.9719,5.7532,7.2949,11.7275,SSO,h500_iSSO_el10,1.7087,0,10081
600,590.5484,581.0660,600.0000,0.0000,10.0000,13.8571,124.2231,8.9646,9.0826,1.5752,0,h600_i0_el10,8.8410,0,10081
600,590.6908,581.3517,600.0000,10.0000,10.0000,13.8571,110.3190,7.9612,9.0808,1.6207,10,h600_i10_el10,6.1180,0,10081
600,591.1008,582.1760,600.0000,20.0000,10.0000,8.1429,55.3171,6.7933,9.0508,8.5138,20,h600_i20_el10,1.5594,0,10081
600,592.9111,586.5801,600.0000,45.0000,10.0000,3.8571,24.5334,6.3605,8.8705,10.3081,45,h600_i45_el10,0.6501,0,10081
600,593.4510,588.2285,600.0000,51.6000,10.0000,3.0000,21.6948,7.2316,8.7837,11.9389,51.6,h600_i51p6_el10,3.1520,0,10081
600,595.1909,591.7750,600.0000,97.7880,10.0000,2.4286,17.1306,7.0538,8.3930,11.9624,SSO,h600_iSSO_el10,2.1406,0,10081
700,690.6870,681.3335,700.0000,0.0000,10.0000,13.5714,137.6117,10.1398,10.2531,1.5955,0,h700_i0_el10,10.0218,0,10081
700,690.8272,681.6152,700.0000,10.0000,10.0000,13.5714,125.3418,9.2357,10.2492,1.6361,10,h700_i10_el10,7.6450,0,10081
700,691.2310,682.4332,700.0000,20.0000,10.0000,9.2857,69.9358,7.5315,10.2199,6.9634,20,h700_i20_el10,1.5119,0,10081
700,693.0142,686.8154,700.0000,45.0000,10.0000,3.7143,29.8074,8.0251,10.0423,10.4982,45,h700_i45_el10,3.6428,0,10081
700,693.5467,688.4318,700.0000,51.6000,10.0000,3.4286,26.8008,7.8169,9.9573,10.5487,51.6,h700_i51p6_el10,1.2052,0,10081
700,695.2536,691.9328,700.0000,98.1880,10.0000,2.8571,21.0561,7.3697,9.4002,12.1900,SSO,h700_iSSO_el10,2.6699,0,10081
800,790.8085,781.5935,800.0000,0.0000,10.0000,13.2857,149.9094,11.2835,11.3928,1.6168,0,h800_i0_el10,11.1695,0,10081
800,790.9470,781.8714,800.0000,10.0000,10.0000,13.2857,138.8365,10.4501,11.3631,1.6525,10,h800_i10_el10,8.9852,0,10081
800,791.3457,782.6844,800.0000,20.0000,10.0000,11.0000,86.8233,7.8930,11.3039,7.0968,20,h800_i20_el10,1.3578,0,10081
800,793.1069,787.0435,800.0000,45.0000,10.0000,4.0000,35.5094,8.8773,11.0394,10.6987,45,h800_i45_el10,2.4145,0,10081
800,793.6325,788.6277,800.0000,51.6000,10.0000,3.7143,32.2510,8.6830,10.9573,10.7219,51.6,h800_i51p6_el10,3.2645,0,10081
800,795.3060,792.0800,800.0000,98.6030,10.0000,3.1429,25.5674,8.1351,10.4689,12.4091,SSO,h800_iSSO_el10,2.4699,0,10081
400,390.2667,380.5073,400.0000,0.0000,5.0000,14.5714,120.5873,8.2756,8.4227,1.5083,0,h400_i0_el5,8.1227,0,10081
400,390.4133,380.8017,400.0000,10.0000,5.0000,14.5714,105.8670,7.2654,8.4339,1.5544,10,h400_i10_el5,5.3808,0,10081
400,390.8354,381.6484,400.0000,20.0000,5.0000,8.1429,50.8006,6.2387,8.4061,8.1407,20,h400_i20_el5,0.1709,0,10081
400,392.7005,386.0695,400.0000,45.0000,5.0000,3.4286,23.1002,6.7376,8.2715,11.4075,45,h400_i45_el5,4.3957,0,10081
400,393.2572,387.7923,400.0000,51.6000,5.0000,3.4286,21.1029,6.1550,8.2211,11.4167,51.6,h400_i51p6_el5,2.1118,0,10081
400,395.0659,391.4495,400.0000,97.0300,5.0000,2.5714,16.3730,6.3673,7.8234,11.4881,SSO,h400_iSSO_el5,3.1567,0,10081
500,490.3892,480.7907,500.0000,0.0000,5.0000,14.2857,138.4460,9.6912,9.8265,1.5237,0,h500_i0_el5,9.5501,0,10081
500,490.5341,481.0811,500.0000,10.0000,5.0000,14.2857,125.9868,8.8191,9.8172,1.5628,10,h500_i10_el5,7.3371,0,10081
500,490.9512,481.9154,500.0000,20.0000,5.0000,9.7143,69.8422,7.1896,9.6751,6.6631,20,h500_i20_el5,0.7204,0,10081
500,492.7931,486.3239,500.0000,45.0000,5.0000,4.0000,32.8846,8.2211,8.8156,10.0278,45,h500_i45_el5,7.2877,0,10081
500,493.3432,488.0097,500.0000,51.6000,5.0000,4.0000,31.5502,7.8875,8.6249,10.0490,51.6,h500_i51p6_el5,7.1430,0,10081
500,495.1245,491.6153,500.0000,97.4020,5.0000,3.0000,21.1058,7.0353,9.0987,11.6887,SSO,h500_iSSO_el5,1.5820,0,10081
600,590.5484,581.0660,600.0000,0.0000,5.0000,14.0000,152.9003,10.9215,11.1558,1.5409,0,h600_i0_el5,0.4249,1,10081
600,590.6908,581.3517,600.0000,10.0000,5.0000,13.8571,142.1397,10.2575,11.1477,1.5757,10,h600_i10_el5,8.8725,0,10081
600,591.1008,582.1760,600.0000,20.0000,5.0000,11.8571,93.6244,7.8960,11.1113,5.1100,20,h600_i20_el5,1.8093,0,10081
600,592.9111,586.5801,600.0000,45.0000,5.0000,4.0000,36.4098,9.1024,10.9013,10.2477,45,h600_i45_el5,5.9853,0,10081
600,593.4510,588.2285,600.0000,51.6000,5.0000,4.0000,33.7864,8.4466,10.8081,10.2791,51.6,h600_i51p6_el5,1.6937,0,10081
600,595.1909,591.7750,600.0000,97.7880,5.0000,2.8571,24.6639,8.6324,10.3026,11.9180,SSO,h600_iSSO_el5,3.5642,0,10081
700,690.6870,681.3335,700.0000,0.0000,5.0000,13.5714,167.0959,12.3123,12.4327,1.5595,0,h700_i0_el5,12.1871,0,10081
700,690.8272,681.6152,700.0000,10.0000,5.0000,13.5714,157.4384,11.6007,12.4248,1.5914,10,h700_i10_el5,10.3602,0,10081
700,691.2310,682.4332,700.0000,20.0000,5.0000,12.8571,115.4458,8.9791,12.3841,3.4600,20,h700_i20_el5,1.2340,0,10081
700,693.0142,686.8154,700.0000,45.0000,5.0000,4.5714,43.7688,9.5744,12.1699,10.4445,45,h700_i45_el5,1.5783,0,10081
700,693.5467,688.4318,700.0000,51.6000,5.0000,4.0000,39.5329,9.8832,12.0753,10.4678,51.6,h700_i51p6_el5,5.5166,0,10081
700,695.2536,691.9328,700.0000,98.1880,5.0000,3.4286,30.8665,9.0027,11.4132,12.1316,SSO,h700_iSSO_el5,1.0254,0,10081
800,790.8085,781.5935,800.0000,0.0000,5.0000,13.2857,180.0985,13.5558,13.6714,1.5791,0,h800_i0_el5,13.4353,0,10081
800,790.9470,781.8714,800.0000,10.0000,5.0000,13.2857,171.2464,12.8895,13.6418,1.6077,10,h800_i10_el5,11.7227,0,10081
800,791.3457,782.6844,800.0000,20.0000,5.0000,13.2857,137.0210,10.3134,13.5778,1.7188,20,h800_i20_el5,4.4007,0,10081
800,793.1069,787.0435,800.0000,45.0000,5.0000,4.7143,50.8048,10.7768,13.2836,10.6539,45,h800_i45_el5,4.2152,0,10081
800,793.6325,788.6277,800.0000,51.6000,5.0000,4.2857,45.7253,10.6692,13.1797,10.6687,51.6,h800_i51p6_el5,2.6232,0,10081
800,795.3060,792.0800,800.0000,98.6030,5.0000,3.7143,36.7716,9.9001,12.5603,10.7651,SSO,h800_iSSO_el5,3.3947,0,10081
